Corp ID,Corporation Name,Native American Cohort Count,Native American Graduates,Native American Grad Rate,Asian Cohort Count,Asian Graduates,Asian Grad Rate,Black Cohort Count,Black Graduates,Black Grad Rate,Hispanic Cohort Count,Hispanic Graduates,Hispanic Grad Rate,Multiracial Cohort Count,Multiracial Graduates,Multiracial Grad Rate,Native Pacific Islander Cohort Count,Native Pacific Islander Graduates,Native Pacific Islander Grad Rate,White Cohort Count,White Graduates,White Grad Rate,Paid Meals Cohort Count,Paid Meals Graduates,Paid Meals Grad Rate,Free/Reduced Meals Cohort Count,Free/Reduced Meals Graduates,Free/Reduced Meals Grad Rate,General Ed Cohort Count,General Ed Graduates,General Ed Grad Rate,Special Ed Cohort Count,Special Ed Graduates,Special Ed Grad Rate,Non-English Language Learner Cohort Count,Non-English Language Learner Graduates,Non-English Language Learner Grad Rate,English Language Learner Cohort Count,English Language Learner Graduates,English Language Learner Grad Rate,Female Cohort Count,Female Graduates,Female Grad Rate,Male Cohort Count,Male Graduates,Male Grad Rate,Total Cohort Count,Total Graduates,Total Grad Rate
0015,Adams Central Community Schools,***,***,***,,,,,,,***,***,***,,,,,,,92,90,97.83%,79,78,98.73%,16,15,93.75%,85,85,100.00%,10,8,80.00%,95,93,97.89%,,,,51,50,98.04%,44,43,97.73%,95,93,97.89%
0025,North Adams Community Schools,***,***,***,***,***,***,***,***,***,27,27,100.00%,***,***,***,,,,150,134,89.33%,128,122,95.31%,49,44,89.80%,163,159,97.55%,15,8,53.33%,177,167,94.35%,***,***,***,89,84,94.38%,95,83,87.37%,184,167,90.76%
0035,South Adams Schools,***,***,***,***,***,***,,,,***,***,***,***,***,***,,,,99,91,91.92%,79,77,97.47%,31,25,80.65%,99,97,97.98%,12,6,50.00%,111,103,92.79%,,,,54,50,92.59%,57,53,92.98%,111,103,92.79%
0125,M S D Southwest Allen County Schls,,,,15,13,86.67%,25,24,96.00%,37,36,97.30%,21,20,95.24%,,,,470,453,96.38%,507,488,96.25%,57,54,94.74%,526,514,97.72%,42,32,76.19%,567,546,96.30%,***,***,***,287,282,98.26%,281,264,93.95%,568,546,96.13%
0225,Northwest Allen County Schools,***,***,***,13,13,100.00%,11,11,100.00%,18,18,100.00%,18,17,94.44%,***,***,***,437,432,98.86%,438,436,99.54%,59,56,94.92%,463,459,99.14%,37,35,94.59%,498,492,98.80%,***,***,***,255,254,99.61%,245,240,97.96%,500,494,98.80%
0235,Fort Wayne Community Schools,***,***,***,93,81,87.10%,468,394,84.19%,293,261,89.08%,134,121,90.30%,***,***,***,957,872,91.12%,836,777,92.94%,1065,956,89.77%,1657,1551,93.60%,264,187,70.83%,1867,1694,90.73%,54,44,81.48%,934,871,93.25%,1020,867,85.00%,1954,1738,88.95%
0255,East Allen County Schools,***,***,***,31,28,90.32%,122,106,86.89%,43,41,95.35%,39,36,92.31%,***,***,***,503,463,92.05%,452,423,93.58%,281,251,89.32%,668,640,95.81%,69,37,53.62%,720,664,92.22%,17,13,76.47%,374,351,93.85%,367,326,88.83%,741,677,91.36%
0365,Bartholomew Con School Corp,***,***,***,37,36,97.30%,16,12,75.00%,71,61,85.92%,48,43,89.58%,,,,687,610,88.79%,614,595,96.91%,199,165,82.91%,752,705,93.75%,81,58,71.60%,819,752,91.82%,14,11,78.57%,406,375,92.36%,454,388,85.46%,860,763,88.72%
0370,Flat Rock-Hawcreek School Corp,,,,,,,,,,,,,***,***,***,,,,50,49,98.00%,43,43,100.00%,***,***,***,45,45,100.00%,***,***,***,51,50,98.04%,,,,28,28,100.00%,23,22,95.65%,51,50,98.04%
0395,Benton Community School Corp,,,,***,***,***,***,***,***,***,***,***,***,***,***,,,,125,117,93.60%,88,87,98.86%,51,44,86.27%,97,96,98.97%,42,35,83.33%,139,131,94.24%,,,,67,64,95.52%,72,67,93.06%,139,131,94.24%
0515,Blackford County Schools,***,***,***,***,***,***,,,,,,,***,***,***,,,,121,117,96.69%,72,71,98.61%,52,49,94.23%,111,109,98.20%,13,11,84.62%,124,120,96.77%,,,,60,59,98.33%,64,61,95.31%,124,120,96.77%
0615,Western Boone Co Com Sch Dist,,,,,,,,,,***,***,***,***,***,***,,,,118,113,95.76%,86,84,97.67%,39,37,94.87%,113,111,98.23%,13,10,76.92%,126,121,96.03%,,,,54,53,98.15%,72,68,94.44%,126,121,96.03%
0630,Zionsville Community Schools,***,***,***,20,20,100.00%,***,***,***,22,20,90.91%,14,14,100.00%,,,,387,375,96.90%,429,418,97.44%,22,20,90.91%,407,403,99.02%,46,36,78.26%,452,439,97.12%,***,***,***,218,214,98.17%,235,225,95.74%,453,439,96.91%
0665,Lebanon Community School Corp,,,,***,***,***,***,***,***,***,***,***,***,***,***,,,,194,174,89.69%,141,139,98.58%,57,52,91.23%,176,174,98.86%,22,17,77.27%,197,190,96.45%,***,***,***,107,101,94.39%,104,90,86.54%,211,191,90.52%
0670,Brown County School Corporation,***,***,***,,,,,,,***,***,***,***,***,***,,,,142,139,97.89%,77,75,97.40%,72,72,100.00%,123,123,100.00%,27,25,92.59%,150,148,98.67%,,,,67,66,98.51%,84,82,97.62%,151,148,98.01%
0750,Carroll Consolidated School Corp,,,,,,,***,***,***,***,***,***,***,***,***,,,,94,90,95.74%,62,61,98.39%,36,32,88.89%,83,80,96.39%,16,14,87.50%,99,94,94.95%,,,,48,47,97.92%,51,47,92.16%,99,94,94.95%
0755,Delphi Community School Corp,,,,,,,,,,11,9,81.82%,***,***,***,,,,113,104,92.04%,76,73,96.05%,48,41,85.42%,110,102,92.73%,14,12,85.71%,118,109,92.37%,***,***,***,71,65,91.55%,54,49,90.74%,125,114,91.20%
0775,Pioneer Regional School Corp,,,,,,,,,,***,***,***,***,***,***,,,,49,43,87.76%,32,31,96.88%,15,13,86.67%,44,43,97.73%,***,***,***,47,44,93.62%,,,,27,27,100.00%,24,17,70.83%,51,44,86.27%
0815,Lewis Cass Schools,,,,,,,,,,***,***,***,***,***,***,,,,108,101,93.52%,80,79,98.75%,30,29,96.67%,95,95,100.00%,15,13,86.67%,110,108,98.18%,,,,48,47,97.92%,67,61,91.04%,115,108,93.91%
0875,Logansport Community Sch Corp,,,,***,***,***,***,***,***,93,85,91.40%,***,***,***,,,,160,142,88.75%,148,139,93.92%,115,102,88.70%,232,222,95.69%,33,20,60.61%,241,222,92.12%,24,20,83.33%,123,112,91.06%,146,130,89.04%,269,242,89.96%
0940,West Clark Community Schools,,,,***,***,***,***,***,***,15,13,86.67%,10,8,80.00%,,,,347,318,91.64%,288,273,94.79%,77,69,89.61%,331,312,94.26%,39,31,79.49%,365,339,92.88%,***,***,***,191,179,93.72%,188,164,87.23%,379,343,90.50%
1000,Clarksville Community School Corp,,,,,,,***,***,***,***,***,***,***,***,***,,,,71,70,98.59%,41,41,100.00%,44,43,97.73%,73,73,100.00%,12,11,91.67%,82,81,98.78%,***,***,***,36,36,100.00%,49,48,97.96%,85,84,98.82%
1010,Greater Clark County Schools,,,,***,***,***,93,79,84.95%,87,74,85.06%,56,49,87.50%,***,***,***,468,436,93.16%,403,392,97.27%,282,251,89.01%,605,577,95.37%,93,71,76.34%,682,635,93.11%,16,13,81.25%,350,333,95.14%,364,315,86.54%,714,648,90.76%
1125,Clay Community Schools,***,***,***,***,***,***,***,***,***,***,***,***,***,***,***,,,,267,240,89.89%,180,171,95.00%,94,76,80.85%,233,218,93.56%,43,30,69.77%,276,248,89.86%,,,,140,127,90.71%,137,121,88.32%,277,248,89.53%
1150,Clinton Central School Corporation,,,,,,,,,,***,***,***,,,,,,,70,64,91.43%,50,48,96.00%,20,17,85.00%,62,57,91.94%,***,***,***,70,65,92.86%,,,,30,27,90.00%,41,38,92.68%,71,65,91.55%
1160,Clinton Prairie School Corporation,,,,,,,,,,***,***,***,***,***,***,,,,71,65,91.55%,53,52,98.11%,24,17,70.83%,69,64,92.75%,***,***,***,73,68,93.15%,***,***,***,48,45,93.75%,29,24,82.76%,77,69,89.61%
1170,Community Schools of Frankfort,,,,,,,***,***,***,66,62,93.94%,***,***,***,,,,111,96,86.49%,70,67,95.71%,109,97,88.99%,154,143,92.86%,29,21,72.41%,173,154,89.02%,10,10,100.00%,89,80,89.89%,98,85,86.73%,187,165,88.24%
1180,Rossville Con School District,,,,***,***,***,,,,,,,***,***,***,,,,81,76,93.83%,71,67,94.37%,11,10,90.91%,78,75,96.15%,***,***,***,83,78,93.98%,,,,35,33,94.29%,48,45,93.75%,83,78,93.98%
1300,Crawford County Community Sch Corp,,,,,,,,,,,,,***,***,***,,,,109,96,88.07%,50,50,100.00%,51,47,92.16%,90,88,97.78%,11,9,81.82%,100,96,96.00%,***,***,***,53,51,96.23%,57,46,80.70%,110,97,88.18%
1315,Barr-Reeve Community Schools Inc,,,,***,***,***,,,,,,,,,,,,,54,54,100.00%,45,45,100.00%,10,10,100.00%,51,51,100.00%,***,***,***,55,55,100.00%,,,,25,25,100.00%,30,30,100.00%,55,55,100.00%
1375,North Daviess Com Schools,***,***,***,,,,,,,,,,***,***,***,,,,69,62,89.86%,41,39,95.12%,30,26,86.67%,57,56,98.25%,14,9,64.29%,71,65,91.55%,,,,37,36,97.30%,37,29,78.38%,74,65,87.84%
1405,Washington Community Schools,,,,***,***,***,***,***,***,25,25,100.00%,***,***,***,,,,133,127,95.49%,99,98,98.99%,75,71,94.67%,147,147,100.00%,27,22,81.48%,162,157,96.91%,12,12,100.00%,90,88,97.78%,86,81,94.19%,176,169,96.02%
1560,Sunman-Dearborn Com Sch Corp,,,,,,,,,,***,***,***,***,***,***,,,,311,303,97.43%,268,264,98.51%,49,47,95.92%,285,284,99.65%,32,27,84.38%,315,309,98.10%,***,***,***,156,154,98.72%,163,157,96.32%,319,311,97.49%
1600,South Dearborn Community Sch Corp,***,***,***,,,,,,,***,***,***,***,***,***,,,,205,184,89.76%,132,128,96.97%,70,61,87.14%,171,168,98.25%,35,24,68.57%,206,192,93.20%,,,,101,96,95.05%,112,96,85.71%,213,192,90.14%
1620,Lawrenceburg Community School Corp,,,,***,***,***,***,***,***,***,***,***,***,***,***,,,,136,126,92.65%,110,108,98.18%,37,32,86.49%,121,118,97.52%,27,22,81.48%,148,140,94.59%,,,,66,62,93.94%,84,78,92.86%,150,140,93.33%
1655,Decatur County Community Schools,,,,,,,,,,***,***,***,***,***,***,,,,130,124,95.38%,89,85,95.51%,44,44,100.00%,119,118,99.16%,15,12,80.00%,134,130,97.01%,,,,75,73,97.33%,61,57,93.44%,136,130,95.59%
1730,Greensburg Community Schools,,,,,,,,,,***,***,***,***,***,***,,,,155,150,96.77%,111,109,98.20%,51,46,90.20%,145,144,99.31%,17,11,64.71%,161,154,95.65%,***,***,***,84,81,96.43%,78,74,94.87%,162,155,95.68%
1805,DeKalb Co Eastern Com Sch Dist,***,***,***,,,,***,***,***,***,***,***,***,***,***,,,,109,95,87.16%,72,72,100.00%,41,33,80.49%,103,93,90.29%,17,14,82.35%,120,107,89.17%,,,,62,55,88.71%,62,52,83.87%,124,107,86.29%
1820,Garrett-Keyser-Butler Com Sch Corp,***,***,***,,,,,,,***,***,***,***,***,***,***,***,***,130,126,96.92%,88,87,98.86%,48,47,97.92%,120,118,98.33%,17,16,94.12%,135,132,97.78%,***,***,***,77,75,97.40%,61,59,96.72%,138,134,97.10%
1835,DeKalb Co Ctl United Sch Dist,***,***,***,***,***,***,,,,***,***,***,***,***,***,,,,277,251,90.61%,204,191,93.63%,90,80,88.89%,259,246,94.98%,35,25,71.43%,292,270,92.47%,***,***,***,149,138,92.62%,149,133,89.26%,298,271,90.94%
1875,Delaware Community School Corp,***,***,***,***,***,***,***,***,***,***,***,***,***,***,***,,,,202,197,97.52%,161,160,99.38%,47,46,97.87%,178,177,99.44%,32,30,93.75%,210,207,98.57%,,,,106,103,97.17%,106,104,98.11%,212,207,97.64%
1885,Wes-Del Community Schools,***,***,***,,,,,,,***,***,***,***,***,***,,,,67,53,79.10%,42,38,90.48%,25,19,76.00%,60,52,86.67%,***,***,***,67,57,85.07%,,,,27,22,81.48%,45,35,77.78%,72,57,79.17%
1895,Liberty-Perry Community Sch Corp,,,,,,,,,,,,,***,***,***,,,,96,94,97.92%,59,57,96.61%,37,37,100.00%,83,83,100.00%,14,12,85.71%,97,95,97.94%,,,,50,49,98.00%,47,46,97.87%,97,95,97.94%
1900,Cowan Community School Corp,,,,***,***,***,,,,***,***,***,***,***,***,,,,49,49,100.00%,38,38,100.00%,15,15,100.00%,48,48,100.00%,***,***,***,53,53,100.00%,,,,35,35,100.00%,18,18,100.00%,53,53,100.00%
1910,Yorktown Community Schools,***,***,***,***,***,***,***,***,***,***,***,***,***,***,***,,,,150,144,96.00%,134,131,97.76%,32,29,90.63%,152,150,98.68%,14,10,71.43%,166,160,96.39%,,,,91,90,98.90%,75,70,93.33%,166,160,96.39%
1940,Daleville Community Schools,,,,,,,,,,***,***,***,***,***,***,,,,69,66,95.65%,47,47,100.00%,21,21,100.00%,65,64,98.46%,***,***,***,69,68,98.55%,,,,36,35,97.22%,35,33,94.29%,71,68,95.77%
1970,Muncie Community Schools,***,***,***,***,***,***,83,69,83.13%,11,8,72.73%,38,32,84.21%,,,,228,174,76.32%,130,125,96.15%,183,154,84.15%,294,262,89.12%,41,23,56.10%,334,284,85.03%,***,***,***,192,154,80.21%,174,133,76.44%,366,287,78.42%
2040,Northeast Dubois Co Sch Corp,***,***,***,,,,,,,,,,,,,,,,54,47,87.04%,42,40,95.24%,11,7,63.64%,44,38,86.36%,***,***,***,53,47,88.68%,,,,23,21,91.30%,32,26,81.25%,55,47,85.45%
2100,Southeast Dubois Co Sch Corp,***,***,***,,,,,,,***,***,***,***,***,***,,,,101,99,98.02%,88,86,97.73%,16,16,100.00%,94,94,100.00%,10,8,80.00%,104,102,98.08%,,,,54,54,100.00%,50,48,96.00%,104,102,98.08%
2110,Southwest Dubois Co Sch Corp,***,***,***,,,,***,***,***,31,20,64.52%,,,,,,,89,78,87.64%,73,67,91.78%,47,33,70.21%,99,88,88.89%,21,12,57.14%,109,95,87.16%,11,5,45.45%,48,44,91.67%,74,56,75.68%,122,100,81.97%
2120,Greater Jasper Consolidated Schs,,,,***,***,***,,,,22,21,95.45%,***,***,***,***,***,***,233,228,97.85%,213,210,98.59%,46,43,93.48%,245,243,99.18%,14,10,71.43%,257,251,97.67%,***,***,***,137,135,98.54%,122,118,96.72%,259,253,97.68%
2155,Fairfield Community Schools,,,,***,***,***,***,***,***,10,10,100.00%,***,***,***,,,,142,129,90.85%,133,127,95.49%,19,19,100.00%,143,138,96.50%,10,9,90.00%,153,147,96.08%,,,,68,66,97.06%,92,81,88.04%,160,147,91.88%
2260,Baugo Community Schools,,,,***,***,***,***,***,***,13,11,84.62%,***,***,***,,,,118,105,88.98%,102,95,93.14%,33,28,84.85%,123,116,94.31%,15,9,60.00%,136,123,90.44%,***,***,***,74,69,93.24%,66,56,84.85%,140,125,89.29%
2270,Concord Community Schools,,,,***,***,***,26,22,84.62%,116,101,87.07%,25,22,88.00%,,,,215,198,92.09%,205,194,94.63%,172,149,86.63%,333,305,91.59%,51,40,78.43%,363,333,91.74%,21,12,57.14%,188,171,90.96%,198,174,87.88%,386,345,89.38%
2275,Middlebury Community Schools,,,,***,***,***,***,***,***,25,20,80.00%,***,***,***,,,,289,269,93.08%,260,247,95.00%,63,54,85.71%,291,276,94.85%,34,26,76.47%,320,301,94.06%,***,***,***,154,143,92.86%,173,159,91.91%,327,302,92.35%
2285,Wa-Nee Community Schools,,,,***,***,***,***,***,***,25,23,92.00%,***,***,***,,,,186,171,91.94%,161,157,97.52%,53,45,84.91%,189,177,93.65%,29,26,89.66%,216,202,93.52%,***,***,***,106,95,89.62%,115,108,93.91%,221,203,91.86%
2305,Elkhart Community Schools,,,,14,14,100.00%,113,92,81.42%,261,241,92.34%,55,49,89.09%,***,***,***,411,387,94.16%,396,381,96.21%,446,399,89.46%,751,718,95.61%,98,68,69.39%,808,756,93.56%,41,30,73.17%,436,408,93.58%,421,378,89.79%,857,786,91.72%
2315,Goshen Community Schools,,,,***,***,***,10,7,70.00%,175,151,86.29%,14,12,85.71%,***,***,***,205,189,92.20%,212,198,93.40%,192,165,85.94%,357,325,91.04%,54,39,72.22%,375,344,91.73%,36,20,55.56%,206,187,90.78%,206,177,85.92%,412,364,88.35%
2395,Fayette County School Corporation,,,,***,***,***,***,***,***,***,***,***,***,***,***,,,,255,234,91.76%,159,154,96.86%,106,92,86.79%,234,226,96.58%,33,20,60.61%,265,244,92.08%,***,***,***,135,122,90.37%,133,124,93.23%,268,246,91.79%
2400,New Albany-Floyd Co Con Sch,***,***,***,15,15,100.00%,53,49,92.45%,42,39,92.86%,34,30,88.24%,,,,722,679,94.04%,591,574,97.12%,261,231,88.51%,742,716,96.50%,119,97,81.51%,851,803,94.36%,10,10,100.00%,418,401,95.93%,449,412,91.76%,867,813,93.77%
2435,Attica Consolidated School Corp,***,***,***,,,,,,,***,***,***,,,,,,,49,44,89.80%,27,25,92.59%,24,22,91.67%,37,37,100.00%,15,10,66.67%,52,47,90.38%,,,,13,12,92.31%,39,35,89.74%,52,47,90.38%
2440,Covington Community School Corp,,,,,,,,,,***,***,***,,,,,,,67,65,97.01%,51,51,100.00%,19,17,89.47%,62,61,98.39%,***,***,***,70,68,97.14%,,,,33,32,96.97%,37,36,97.30%,70,68,97.14%
2455,Southeast Fountain School Corp,***,***,***,***,***,***,,,,***,***,***,***,***,***,,,,87,80,91.95%,47,45,95.74%,48,44,91.67%,83,80,96.39%,12,9,75.00%,92,86,93.48%,***,***,***,50,46,92.00%,47,43,91.49%,97,89,91.75%
2475,Franklin County Community Sch Corp,,,,,,,,,,***,***,***,***,***,***,,,,191,185,96.86%,121,120,99.17%,71,67,94.37%,173,169,97.69%,21,19,90.48%,194,188,96.91%,,,,101,99,98.02%,93,89,95.70%,194,188,96.91%
2645,Rochester Community School Corp,,,,***,***,***,***,***,***,***,***,***,***,***,***,,,,103,99,96.12%,68,67,98.53%,45,42,93.33%,101,101,100.00%,14,10,71.43%,114,110,96.49%,***,***,***,66,66,100.00%,49,45,91.84%,115,111,96.52%
2650,Caston School Corporation,,,,***,***,***,,,,***,***,***,,,,,,,63,55,87.30%,46,42,91.30%,21,17,80.95%,61,53,86.89%,***,***,***,67,59,88.06%,,,,31,28,90.32%,37,31,83.78%,68,59,86.76%
2725,East Gibson School Corporation,,,,***,***,***,,,,,,,,,,,,,85,72,84.71%,53,51,96.23%,27,22,81.48%,70,64,91.43%,10,9,90.00%,80,73,91.25%,,,,45,37,82.22%,41,36,87.80%,86,73,84.88%
2735,North Gibson School Corporation,,,,***,***,***,***,***,***,***,***,***,14,10,71.43%,,,,107,103,96.26%,82,78,95.12%,48,44,91.67%,105,101,96.19%,26,22,84.62%,129,121,93.80%,***,***,***,57,54,94.74%,74,69,93.24%,131,123,93.89%
2765,South Gibson School Corporation,,,,***,***,***,***,***,***,***,***,***,***,***,***,,,,141,135,95.74%,129,125,96.90%,16,14,87.50%,130,127,97.69%,16,12,75.00%,145,139,95.86%,***,***,***,93,89,95.70%,53,50,94.34%,146,139,95.21%
2815,Eastbrook Community Sch Corp,***,***,***,***,***,***,,,,***,***,***,***,***,***,,,,113,109,96.46%,92,92,100.00%,23,20,86.96%,109,106,97.25%,***,***,***,118,114,96.61%,,,,53,52,98.11%,66,62,93.94%,119,114,95.80%
2825,Madison-Grant United School Corp,***,***,***,,,,,,,***,***,***,***,***,***,,,,82,80,97.56%,54,53,98.15%,32,31,96.88%,76,76,100.00%,11,9,81.82%,87,85,97.70%,,,,46,46,100.00%,41,39,95.12%,87,85,97.70%
2855,Mississinewa Community School Corp,***,***,***,***,***,***,***,***,***,***,***,***,***,***,***,***,***,***,160,150,93.75%,79,79,100.00%,102,95,93.14%,152,149,98.03%,29,25,86.21%,180,173,96.11%,***,***,***,91,87,95.60%,93,87,93.55%,184,174,94.57%
2865,Marion Community Schools,***,***,***,***,***,***,65,61,93.85%,26,26,100.00%,36,34,94.44%,,,,130,126,96.92%,113,112,99.12%,140,132,94.29%,221,220,99.55%,34,26,76.47%,251,242,96.41%,***,***,***,129,126,97.67%,132,125,94.70%,261,251,96.17%
2920,Bloomfield School District,,,,,,,,,,***,***,***,***,***,***,,,,61,59,96.72%,37,37,100.00%,25,24,96.00%,60,59,98.33%,***,***,***,63,61,96.83%,,,,36,36,100.00%,27,25,92.59%,63,61,96.83%
2940,Eastern Greene Schools,,,,,,,,,,***,***,***,,,,,,,85,80,94.12%,57,57,100.00%,31,27,87.10%,75,72,96.00%,13,12,92.31%,88,84,95.45%,,,,36,34,94.44%,53,50,94.34%,89,84,94.38%
2950,Linton-Stockton School Corporation,,,,,,,,,,***,***,***,***,***,***,,,,78,70,89.74%,56,54,96.43%,25,20,80.00%,77,72,93.51%,***,***,***,81,74,91.36%,,,,41,35,85.37%,41,39,95.12%,82,74,90.24%
2960,M S D Shakamak Schools,,,,,,,,,,***,***,***,***,***,***,,,,58,56,96.55%,32,31,96.88%,28,27,96.43%,51,51,100.00%,***,***,***,60,58,96.67%,,,,32,32,100.00%,28,26,92.86%,60,58,96.67%
2980,White River Valley School District,,,,,,,***,***,***,,,,,,,,,,45,42,93.33%,21,21,100.00%,22,22,100.00%,42,40,95.24%,***,***,***,45,43,95.56%,,,,26,25,96.15%,20,18,90.00%,46,43,93.48%
3005,Hamilton Southeastern Schools,***,***,***,81,79,97.53%,109,101,92.66%,76,70,92.11%,53,53,100.00%,***,***,***,1075,1052,97.86%,1208,1183,97.93%,187,174,93.05%,1258,1244,98.89%,143,117,81.82%,1393,1355,97.27%,***,***,***,690,671,97.25%,712,690,96.91%,1402,1361,97.08%
3025,Hamilton Heights School Corp,,,,,,,***,***,***,***,***,***,***,***,***,,,,149,137,91.95%,134,127,94.78%,20,17,85.00%,125,121,96.80%,29,23,79.31%,154,144,93.51%,,,,69,64,92.75%,88,80,90.91%,157,144,91.72%
3030,Westfield-Washington Schools,***,***,***,16,16,100.00%,21,19,90.48%,29,28,96.55%,17,17,100.00%,,,,385,365,94.81%,413,401,97.09%,47,44,93.62%,415,406,97.83%,48,40,83.33%,461,444,96.31%,***,***,***,237,229,96.62%,232,217,93.53%,469,446,95.10%
3055,Sheridan Community Schools,,,,,,,,,,***,***,***,***,***,***,,,,62,59,95.16%,52,50,96.15%,15,14,93.33%,58,56,96.55%,***,***,***,67,64,95.52%,,,,28,26,92.86%,39,38,97.44%,67,64,95.52%
3060,Carmel Clay Schools,,,,135,133,98.52%,52,49,94.23%,27,26,96.30%,56,53,94.64%,***,***,***,931,910,97.74%,1098,1081,98.45%,98,88,89.80%,1102,1091,99.00%,98,81,82.65%,1197,1170,97.74%,***,***,***,590,580,98.31%,612,592,96.73%,1202,1172,97.50%
3070,Noblesville Schools,***,***,***,11,10,90.91%,14,11,78.57%,44,42,95.45%,12,12,100.00%,***,***,***,535,521,97.38%,511,502,98.24%,101,95,94.06%,542,534,98.52%,75,65,86.67%,607,592,97.53%,10,7,70.00%,299,292,97.66%,320,307,95.94%,619,599,96.77%
3115,Southern Hancock Co Com Sch Corp,,,,***,***,***,***,***,***,***,***,***,***,***,***,,,,246,227,92.28%,213,205,96.24%,39,32,82.05%,232,220,94.83%,24,18,75.00%,256,238,92.97%,,,,122,116,95.08%,138,122,88.41%,260,238,91.54%
3125,Greenfield-Central Com Schools,,,,***,***,***,***,***,***,***,***,***,***,***,***,,,,321,288,89.72%,266,248,93.23%,67,60,89.55%,277,262,94.58%,59,46,77.97%,336,308,91.67%,,,,173,159,91.91%,169,149,88.17%,342,308,90.06%
3135,Mt Vernon Community School Corp,***,***,***,***,***,***,23,21,91.30%,***,***,***,***,***,***,,,,226,210,92.92%,222,215,96.85%,43,36,83.72%,235,227,96.60%,32,24,75.00%,266,250,93.98%,***,***,***,125,118,94.40%,147,133,90.48%,272,251,92.28%
3145,Eastern Hancock Co Com Sch Corp,,,,,,,***,***,***,***,***,***,,,,,,,106,103,97.17%,86,82,95.35%,22,21,95.45%,91,90,98.90%,17,13,76.47%,107,103,96.26%,***,***,***,57,55,96.49%,51,48,94.12%,108,103,95.37%
3160,Lanesville Community School Corp,,,,***,***,***,,,,,,,***,***,***,,,,62,61,98.39%,61,60,98.36%,***,***,***,59,58,98.31%,***,***,***,67,66,98.51%,,,,34,33,97.06%,33,33,100.00%,67,66,98.51%
3180,North Harrison Com School Corp,***,***,***,,,,,,,***,***,***,***,***,***,,,,149,148,99.33%,116,115,99.14%,38,38,100.00%,142,142,100.00%,12,11,91.67%,154,153,99.35%,,,,85,85,100.00%,69,68,98.55%,154,153,99.35%
3190,South Harrison Com Schools,,,,***,***,***,***,***,***,***,***,***,***,***,***,,,,206,196,95.15%,151,146,96.69%,62,58,93.55%,184,178,96.74%,33,30,90.91%,217,208,95.85%,,,,108,104,96.30%,112,105,93.75%,220,209,95.00%
3295,North West Hendricks Schools,,,,,,,***,***,***,***,***,***,***,***,***,,,,132,131,99.24%,115,115,100.00%,22,21,95.45%,132,131,99.24%,***,***,***,138,137,99.28%,,,,68,67,98.53%,70,70,100.00%,138,137,99.28%
3305,Brownsburg Community School Corp,***,***,***,***,***,***,59,56,94.92%,18,18,100.00%,19,19,100.00%,,,,493,480,97.36%,481,471,97.92%,116,112,96.55%,543,542,99.82%,56,42,75.00%,597,582,97.49%,***,***,***,317,309,97.48%,283,275,97.17%,600,584,97.33%
3315,Avon Community School Corp,***,***,***,32,32,100.00%,106,101,95.28%,33,31,93.94%,31,31,100.00%,***,***,***,483,472,97.72%,544,532,97.79%,139,135,97.12%,612,608,99.35%,73,61,83.56%,680,665,97.79%,***,***,***,327,319,97.55%,360,350,97.22%,687,669,97.38%
3325,Danville Community School Corp,,,,***,***,***,***,***,***,***,***,***,***,***,***,,,,176,163,92.61%,152,147,96.71%,32,31,96.88%,171,164,95.91%,15,14,93.33%,184,177,96.20%,***,***,***,88,81,92.05%,105,97,92.38%,193,178,92.23%
3330,Plainfield Community School Corp,***,***,***,13,13,100.00%,***,***,***,23,20,86.96%,***,***,***,,,,347,324,93.37%,304,293,96.38%,74,67,90.54%,355,344,96.90%,36,25,69.44%,389,367,94.34%,***,***,***,195,186,95.38%,201,183,91.04%,396,369,93.18%
3335,Mill Creek Community Sch Corp,,,,***,***,***,,,,***,***,***,,,,,,,103,102,99.03%,84,83,98.81%,23,23,100.00%,98,98,100.00%,***,***,***,107,106,99.07%,,,,55,54,98.18%,52,52,100.00%,107,106,99.07%
3405,Blue River Valley Schools,,,,,,,,,,,,,,,,,,,52,49,94.23%,32,32,100.00%,18,17,94.44%,49,48,97.96%,***,***,***,51,49,96.08%,,,,25,22,88.00%,27,27,100.00%,52,49,94.23%
3415,South Henry School Corp,,,,,,,,,,***,***,***,***,***,***,,,,68,66,97.06%,48,46,95.83%,22,22,100.00%,62,61,98.39%,***,***,***,71,69,97.18%,,,,38,37,97.37%,33,32,96.97%,71,69,97.18%
3435,Shenandoah School Corporation,,,,,,,,,,***,***,***,***,***,***,,,,102,87,85.29%,70,69,98.57%,23,21,91.30%,80,77,96.25%,14,14,100.00%,94,91,96.81%,,,,55,48,87.27%,52,43,82.69%,107,91,85.05%
3445,New Castle Community School Corp,,,,***,***,***,***,***,***,***,***,***,***,***,***,,,,216,206,95.37%,160,155,96.88%,77,72,93.51%,209,209,100.00%,29,19,65.52%,238,228,95.80%,,,,127,122,96.06%,111,106,95.50%,238,228,95.80%
3455,C A Beard Memorial School Corp,,,,,,,***,***,***,,,,***,***,***,,,,76,72,94.74%,52,51,98.08%,25,23,92.00%,65,63,96.92%,12,11,91.67%,77,74,96.10%,,,,38,38,100.00%,40,36,90.00%,78,74,94.87%
3460,Taylor Community School Corp,,,,,,,***,***,***,***,***,***,***,***,***,,,,56,51,91.07%,42,38,90.48%,30,25,83.33%,57,53,92.98%,15,10,66.67%,72,63,87.50%,,,,38,34,89.47%,36,29,80.56%,74,63,85.14%
3470,Northwestern School Corp,***,***,***,***,***,***,***,***,***,***,***,***,***,***,***,,,,117,116,99.15%,108,107,99.07%,19,18,94.74%,119,119,100.00%,***,***,***,127,125,98.43%,,,,62,60,96.77%,65,65,100.00%,127,125,98.43%
3480,Eastern Howard School Corporation,***,***,***,***,***,***,,,,***,***,***,***,***,***,,,,87,85,97.70%,75,73,97.33%,20,20,100.00%,80,80,100.00%,15,13,86.67%,95,93,97.89%,,,,53,52,98.11%,43,41,95.35%,96,93,96.88%
3490,Western School Corporation,***,***,***,***,***,***,***,***,***,***,***,***,***,***,***,,,,163,158,96.93%,157,156,99.36%,25,21,84.00%,167,164,98.20%,15,13,86.67%,181,176,97.24%,***,***,***,88,86,97.73%,94,91,96.81%,182,177,97.25%
3500,Kokomo School Corporation,***,***,***,35,30,85.71%,85,71,83.53%,29,26,89.66%,36,28,77.78%,,,,295,224,75.93%,242,207,85.54%,199,166,83.42%,367,314,85.56%,89,66,74.16%,442,368,83.26%,14,12,85.71%,242,201,83.06%,239,179,74.90%,481,380,79.00%
3625,Huntington Co Com Sch Corp,,,,***,***,***,***,***,***,***,***,***,***,***,***,,,,366,337,92.08%,276,266,96.38%,96,89,92.71%,336,328,97.62%,37,28,75.68%,372,355,95.43%,***,***,***,201,190,94.53%,187,166,88.77%,388,356,91.75%
3640,Medora Community School Corp,,,,,,,,,,,,,,,,,,,16,15,93.75%,***,***,***,***,***,***,13,13,100.00%,***,***,***,15,15,100.00%,,,,10,10,100.00%,***,***,***,16,15,93.75%
3675,Seymour Community Schools,***,***,***,***,***,***,***,***,***,48,44,91.67%,15,14,93.33%,,,,236,216,91.53%,205,199,97.07%,99,82,82.83%,273,261,95.60%,33,21,63.64%,295,273,92.54%,11,9,81.82%,140,130,92.86%,167,152,91.02%,307,282,91.86%
3695,Brownstown Cnt Com Sch Corp,,,,***,***,***,***,***,***,***,***,***,***,***,***,,,,123,114,92.68%,95,92,96.84%,29,25,86.21%,106,102,96.23%,21,16,76.19%,127,118,92.91%,,,,45,41,91.11%,83,77,92.77%,128,118,92.19%
3710,Crothersville Community Schools,,,,,,,,,,,,,***,***,***,,,,29,28,96.55%,20,20,100.00%,10,9,90.00%,25,25,100.00%,***,***,***,30,29,96.67%,,,,18,18,100.00%,12,11,91.67%,30,29,96.67%
3785,Kankakee Valley School Corp,,,,***,***,***,,,,24,20,83.33%,***,***,***,,,,249,233,93.57%,192,182,94.79%,79,72,91.14%,238,232,97.48%,35,24,68.57%,272,256,94.12%,***,***,***,131,127,96.95%,145,129,88.97%,276,256,92.75%
3815,Rensselaer Central School Corp,***,***,***,***,***,***,***,***,***,***,***,***,***,***,***,,,,116,110,94.83%,84,81,96.43%,38,33,86.84%,95,94,98.95%,27,20,74.07%,120,113,94.17%,***,***,***,57,53,92.98%,65,61,93.85%,122,114,93.44%
3945,Jay School Corporation,,,,***,***,***,,,,10,10,100.00%,***,***,***,,,,230,221,96.09%,146,143,97.95%,99,92,92.93%,219,216,98.63%,27,20,74.07%,246,236,95.93%,,,,136,132,97.06%,110,104,94.55%,246,236,95.93%
3995,Madison Consolidated Schools,,,,***,***,***,***,***,***,***,***,***,***,***,***,,,,235,190,80.85%,143,126,88.11%,97,76,78.35%,212,183,86.32%,34,21,61.76%,244,203,83.20%,***,***,***,141,118,83.69%,117,86,73.50%,258,204,79.07%
4000,Southwestern-Jefferson Co Con,,,,***,***,***,,,,***,***,***,,,,,,,80,71,88.75%,43,42,97.67%,35,32,91.43%,73,68,93.15%,***,***,***,81,74,91.36%,,,,43,40,93.02%,40,34,85.00%,83,74,89.16%
4015,Jennings County School Corporation,,,,,,,***,***,***,12,12,100.00%,***,***,***,,,,286,257,89.86%,183,168,91.80%,122,109,89.34%,251,241,96.02%,55,36,65.45%,305,276,90.49%,***,***,***,161,152,94.41%,145,125,86.21%,306,277,90.52%
4145,Clark-Pleasant Community Sch Corp,***,***,***,29,27,93.10%,***,***,***,23,19,82.61%,14,12,85.71%,,,,365,333,91.23%,274,262,95.62%,152,134,88.16%,374,350,93.58%,58,46,79.31%,431,395,91.65%,***,***,***,219,205,93.61%,218,191,87.61%,437,396,90.62%
4205,Center Grove Community School Corp,,,,12,12,100.00%,***,***,***,14,11,78.57%,18,18,100.00%,,,,534,517,96.82%,491,483,98.37%,93,83,89.25%,517,510,98.65%,68,57,83.82%,585,567,96.92%,,,,281,274,97.51%,306,293,95.75%,587,567,96.59%
4215,Edinburgh Community School Corp,,,,,,,,,,***,***,***,***,***,***,,,,66,63,95.45%,40,39,97.50%,29,27,93.10%,55,53,96.36%,15,13,86.67%,70,66,94.29%,,,,31,29,93.55%,39,37,94.87%,70,66,94.29%
4225,Franklin Community School Corp,***,***,***,***,***,***,***,***,***,22,22,100.00%,***,***,***,***,***,***,331,311,93.96%,257,245,95.33%,111,103,92.79%,311,307,98.71%,59,43,72.88%,368,348,94.57%,***,***,***,178,168,94.38%,193,182,94.30%,371,350,94.34%
4245,Greenwood Community Sch Corp,***,***,***,***,***,***,***,***,***,22,21,95.45%,***,***,***,,,,216,195,90.28%,173,165,95.38%,79,67,84.81%,225,213,94.67%,31,20,64.52%,254,231,90.94%,***,***,***,116,111,95.69%,140,122,87.14%,256,233,91.02%
4255,Nineveh-Hensley-Jackson United,,,,***,***,***,***,***,***,***,***,***,***,***,***,,,,141,128,90.78%,117,113,96.58%,28,21,75.00%,115,111,96.52%,31,24,77.42%,145,134,92.41%,***,***,***,70,65,92.86%,80,70,87.50%,150,135,90.00%
4315,North Knox School Corp,,,,,,,,,,***,***,***,,,,,,,80,79,98.75%,52,51,98.08%,29,29,100.00%,73,73,100.00%,***,***,***,82,81,98.78%,,,,48,47,97.92%,34,34,100.00%,82,81,98.78%
4325,South Knox School Corp,,,,,,,,,,***,***,***,,,,,,,85,81,95.29%,68,68,100.00%,18,15,83.33%,75,75,100.00%,11,8,72.73%,86,83,96.51%,,,,45,44,97.78%,42,39,92.86%,87,83,95.40%
4335,Vincennes Community School Corp,***,***,***,***,***,***,***,***,***,***,***,***,***,***,***,,,,136,131,96.32%,88,87,98.86%,64,61,95.31%,138,137,99.28%,14,11,78.57%,152,148,97.37%,,,,83,80,96.39%,70,68,97.14%,153,148,96.73%
4345,Wawasee Community School Corp,,,,,,,***,***,***,23,20,86.96%,***,***,***,,,,203,174,85.71%,168,157,93.45%,58,44,75.86%,197,177,89.85%,34,24,70.59%,231,201,87.01%,,,,129,112,86.82%,104,89,85.58%,233,201,86.27%
4415,Warsaw Community Schools,***,***,***,***,***,***,16,14,87.50%,84,82,97.62%,10,9,90.00%,***,***,***,389,369,94.86%,317,307,96.85%,186,176,94.62%,453,444,98.01%,55,41,74.55%,495,472,95.35%,13,13,100.00%,256,245,95.70%,254,240,94.49%,510,485,95.10%
4445,Tippecanoe Valley School Corp,***,***,***,,,,,,,15,15,100.00%,***,***,***,,,,132,123,93.18%,88,85,96.59%,63,58,92.06%,130,126,96.92%,23,19,82.61%,150,142,94.67%,***,***,***,81,79,97.53%,73,66,90.41%,154,145,94.16%
4455,Whitko Community School Corp,,,,,,,***,***,***,***,***,***,***,***,***,,,,117,108,92.31%,89,87,97.75%,33,29,87.88%,103,98,95.15%,22,20,90.91%,125,118,94.40%,,,,60,58,96.67%,68,60,88.24%,128,118,92.19%
4515,Prairie Heights Community Sch Corp,***,***,***,***,***,***,***,***,***,***,***,***,***,***,***,,,,81,77,95.06%,65,63,96.92%,21,21,100.00%,77,76,98.70%,10,8,80.00%,87,84,96.55%,,,,40,40,100.00%,49,44,89.80%,89,84,94.38%
4525,Westview School Corporation,,,,,,,***,***,***,***,***,***,***,***,***,,,,81,76,93.83%,60,59,98.33%,29,28,96.55%,82,80,97.56%,***,***,***,88,87,98.86%,***,***,***,45,44,97.78%,47,43,91.49%,92,87,94.57%
4535,Lakeland School Corporation,,,,,,,***,***,***,31,26,83.87%,***,***,***,,,,104,96,92.31%,81,76,93.83%,56,50,89.29%,125,113,90.40%,15,14,93.33%,134,125,93.28%,***,***,***,72,66,91.67%,69,61,88.41%,141,127,90.07%
4580,Hanover Community School Corp,***,***,***,,,,***,***,***,18,18,100.00%,***,***,***,,,,133,127,95.49%,132,130,98.48%,26,23,88.46%,140,137,97.86%,18,16,88.89%,157,152,96.82%,***,***,***,80,80,100.00%,80,73,91.25%,160,153,95.63%
4590,River Forest Community Sch Corp,,,,,,,***,***,***,48,45,93.75%,***,***,***,,,,50,37,74.00%,33,29,87.88%,69,61,88.41%,93,83,89.25%,10,7,70.00%,100,87,87.00%,***,***,***,44,39,88.64%,62,51,82.26%,106,90,84.91%
4600,Merrillville Community School Corp,,,,***,***,***,340,306,90.00%,95,84,88.42%,24,20,83.33%,,,,66,57,86.36%,242,229,94.63%,270,238,88.15%,464,439,94.61%,55,33,60.00%,515,472,91.65%,***,***,***,258,235,91.09%,272,237,87.13%,530,472,89.06%
4615,Lake Central School Corporation,***,***,***,31,31,100.00%,42,38,90.48%,89,83,93.26%,31,28,90.32%,***,***,***,559,533,95.35%,628,605,96.34%,119,106,89.08%,674,653,96.88%,81,63,77.78%,746,708,94.91%,***,***,***,366,356,97.27%,390,360,92.31%,756,716,94.71%
4645,Tri-Creek School Corporation,***,***,***,,,,***,***,***,32,32,100.00%,***,***,***,,,,250,243,97.20%,243,238,97.94%,47,46,97.87%,254,254,100.00%,36,30,83.33%,289,283,97.92%,***,***,***,125,123,98.40%,166,161,96.99%,291,284,97.59%
4650,Lake Ridge New Tech Schools,***,***,***,,,,72,67,93.06%,48,43,89.58%,***,***,***,,,,56,54,96.43%,35,33,94.29%,138,133,96.38%,154,147,95.45%,24,22,91.67%,170,161,94.71%,***,***,***,99,93,93.94%,82,76,92.68%,181,169,93.37%
4660,Crown Point Community School Corp,***,***,***,20,20,100.00%,15,15,100.00%,64,64,100.00%,18,18,100.00%,,,,547,534,97.62%,529,522,98.68%,130,127,97.69%,619,614,99.19%,46,39,84.78%,661,649,98.18%,***,***,***,326,321,98.47%,341,333,97.65%,667,654,98.05%
4670,School City of East Chicago,***,***,***,***,***,***,162,93,57.41%,152,93,61.18%,***,***,***,,,,10,7,70.00%,59,39,66.10%,226,158,69.91%,258,181,70.16%,42,17,40.48%,286,191,66.78%,14,7,50.00%,169,113,66.86%,163,85,52.15%,332,198,59.64%
4680,Lake Station Community Schools,***,***,***,,,,***,***,***,30,25,83.33%,***,***,***,,,,45,41,91.11%,23,23,100.00%,56,51,91.07%,79,74,93.67%,***,***,***,82,75,91.46%,,,,47,40,85.11%,39,35,89.74%,86,75,87.21%
4690,Gary Community School Corp,,,,,,,262,234,89.31%,***,***,***,***,***,***,,,,***,***,***,57,52,91.23%,215,196,91.16%,243,232,95.47%,34,18,52.94%,277,250,90.25%,,,,150,139,92.67%,129,111,86.05%,279,250,89.61%
4700,Griffith Public Schools,***,***,***,***,***,***,34,32,94.12%,58,57,98.28%,***,***,***,,,,93,87,93.55%,100,99,99.00%,80,77,96.25%,166,164,98.80%,16,14,87.50%,182,178,97.80%,,,,96,92,95.83%,93,88,94.62%,189,180,95.24%
4710,School City of Hammond,***,***,***,***,***,***,321,248,77.26%,437,342,78.26%,34,27,79.41%,,,,153,110,71.90%,207,177,85.51%,676,545,80.62%,805,677,84.10%,102,52,50.98%,852,696,81.69%,55,33,60.00%,446,368,82.51%,502,361,71.91%,948,729,76.90%
4720,School Town of Highland,***,***,***,***,***,***,14,14,100.00%,60,56,93.33%,***,***,***,,,,177,165,93.22%,190,180,94.74%,67,63,94.03%,241,229,95.02%,19,16,84.21%,258,243,94.19%,***,***,***,127,123,96.85%,134,122,91.04%,261,245,93.87%
4730,School City of Hobart,***,***,***,,,,25,21,84.00%,61,59,96.72%,***,***,***,***,***,***,204,198,97.06%,193,190,98.45%,100,95,95.00%,276,268,97.10%,20,17,85.00%,295,284,96.27%,***,***,***,154,148,96.10%,143,137,95.80%,297,285,95.96%
4740,School Town of Munster,,,,31,29,93.55%,21,17,80.95%,84,76,90.48%,***,***,***,,,,225,214,95.11%,284,281,98.94%,58,58,100.00%,321,320,99.69%,23,21,91.30%,341,338,99.12%,***,***,***,181,169,93.37%,187,172,91.98%,368,341,92.66%
4760,School City of Whiting,,,,,,,***,***,***,62,50,80.65%,***,***,***,,,,31,27,87.10%,50,45,90.00%,45,38,84.44%,82,79,96.34%,14,5,35.71%,92,82,89.13%,***,***,***,45,38,84.44%,59,46,77.97%,104,84,80.77%
4805,New Prairie United School Corp,,,,,,,***,***,***,18,18,100.00%,11,11,100.00%,,,,220,212,96.36%,180,178,98.89%,67,64,95.52%,230,225,97.83%,18,17,94.44%,248,242,97.58%,,,,139,136,97.84%,111,106,95.50%,250,242,96.80%
4860,M S D of New Durham Township,,,,,,,,,,***,***,***,***,***,***,,,,65,58,89.23%,47,46,97.87%,19,16,84.21%,61,57,93.44%,***,***,***,66,62,93.94%,,,,34,33,97.06%,35,29,82.86%,69,62,89.86%
4915,Tri-Township Cons School Corp,,,,,,,,,,***,***,***,,,,,,,19,17,89.47%,11,11,100.00%,***,***,***,16,16,100.00%,***,***,***,20,19,95.00%,,,,10,8,80.00%,11,11,100.00%,21,19,90.48%
4925,Michigan City Area Schools,***,***,***,***,***,***,116,102,87.93%,27,24,88.89%,37,34,91.89%,,,,187,171,91.44%,156,142,91.03%,213,191,89.67%,306,291,95.10%,64,43,67.19%,369,334,90.51%,***,***,***,177,166,93.79%,193,168,87.05%,370,334,90.27%
4940,South Central Com School Corp,,,,,,,,,,***,***,***,***,***,***,,,,81,76,93.83%,64,64,100.00%,20,17,85.00%,72,71,98.61%,12,10,83.33%,83,80,96.39%,***,***,***,42,40,95.24%,44,41,93.18%,86,81,94.19%
4945,LaPorte Community School Corp,,,,***,***,***,19,11,57.89%,65,56,86.15%,24,17,70.83%,***,***,***,395,332,84.05%,274,249,90.88%,210,168,80.00%,433,379,87.53%,62,41,66.13%,488,414,84.84%,***,***,***,258,219,84.88%,250,201,80.40%,508,420,82.68%
5075,North Lawrence Com Schools,,,,***,***,***,***,***,***,***,***,***,***,***,***,,,,309,264,85.44%,223,202,90.58%,95,77,81.05%,272,250,91.91%,49,30,61.22%,321,280,87.23%,,,,152,137,90.13%,174,143,82.18%,326,280,85.89%
5085,Mitchell Community Schools,,,,,,,,,,***,***,***,,,,,,,118,94,79.66%,71,67,94.37%,40,29,72.50%,102,87,85.29%,13,9,69.23%,115,96,83.48%,,,,54,45,83.33%,66,51,77.27%,120,96,80.00%
5245,Frankton-Lapel Community Schools,,,,,,,***,***,***,***,***,***,***,***,***,,,,211,202,95.73%,162,158,97.53%,62,56,90.32%,193,186,96.37%,31,28,90.32%,223,214,95.96%,***,***,***,109,105,96.33%,117,110,94.02%,226,215,95.13%
5255,South Madison Com Sch Corp,***,***,***,***,***,***,***,***,***,***,***,***,***,***,***,***,***,***,303,280,92.41%,257,245,95.33%,66,60,90.91%,287,275,95.82%,39,31,79.49%,325,305,93.85%,***,***,***,164,157,95.73%,166,149,89.76%,330,306,92.73%
5265,Alexandria Community School Corp,***,***,***,,,,,,,***,***,***,***,***,***,,,,119,112,94.12%,81,79,97.53%,40,38,95.00%,110,106,96.36%,13,11,84.62%,123,117,95.12%,,,,62,60,96.77%,62,57,91.94%,124,117,94.35%
5275,Anderson Community School Corp,***,***,***,***,***,***,98,95,96.94%,39,36,92.31%,21,19,90.48%,,,,227,220,96.92%,122,121,99.18%,263,250,95.06%,322,319,99.07%,65,52,80.00%,379,363,95.78%,***,***,***,217,210,96.77%,170,161,94.71%,387,371,95.87%
5280,Elwood Community School Corp,,,,,,,***,***,***,***,***,***,***,***,***,,,,90,82,91.11%,42,41,97.62%,54,48,88.89%,80,76,95.00%,16,13,81.25%,96,89,92.71%,,,,62,59,95.16%,36,30,83.33%,98,89,90.82%
5300,M S D Decatur Township,***,***,***,***,***,***,53,46,86.79%,41,36,87.80%,13,11,84.62%,,,,313,264,84.35%,174,164,94.25%,235,199,84.68%,360,330,91.67%,56,34,60.71%,400,353,88.25%,16,11,68.75%,216,196,90.74%,211,168,79.62%,427,364,85.25%
5310,Franklin Township Com Sch Corp,***,***,***,28,28,100.00%,33,31,93.94%,38,36,94.74%,26,26,100.00%,***,***,***,448,433,96.65%,410,398,97.07%,162,156,96.30%,493,491,99.59%,82,66,80.49%,567,550,97.00%,***,***,***,290,284,97.93%,286,273,95.45%,576,557,96.70%
5330,M S D Lawrence Township,***,***,***,21,20,95.24%,547,513,93.78%,169,142,84.02%,73,67,91.78%,***,***,***,309,290,93.85%,531,505,95.10%,565,525,92.92%,967,939,97.10%,138,97,70.29%,1073,1012,94.32%,32,24,75.00%,562,532,94.66%,561,504,89.84%,1123,1036,92.25%
5340,Perry Township Schools,***,***,***,176,170,96.59%,63,58,92.06%,103,99,96.12%,51,48,94.12%,,,,633,602,95.10%,539,519,96.29%,476,455,95.59%,921,895,97.18%,100,83,83.00%,927,890,96.01%,94,88,93.62%,491,477,97.15%,537,502,93.48%,1028,979,95.23%
5350,M S D Pike Township,,,,13,13,100.00%,451,418,92.68%,131,130,99.24%,53,47,88.68%,,,,78,74,94.87%,297,284,95.62%,420,396,94.29%,633,619,97.79%,86,63,73.26%,698,661,94.70%,21,21,100.00%,414,403,97.34%,312,279,89.42%,726,682,93.94%
5360,M S D Warren Township,,,,11,11,100.00%,434,391,90.09%,111,103,92.79%,40,34,85.00%,,,,243,211,86.83%,301,271,90.03%,521,473,90.79%,696,665,95.55%,132,85,64.39%,809,735,90.85%,19,15,78.95%,439,408,92.94%,400,342,85.50%,839,750,89.39%
5370,M S D Washington Township,,,,32,26,81.25%,361,308,85.32%,104,86,82.69%,57,54,94.74%,,,,326,298,91.41%,499,465,93.19%,347,303,87.32%,756,706,93.39%,99,66,66.67%,819,748,91.33%,36,24,66.67%,457,412,90.15%,423,360,85.11%,880,772,87.73%
5375,M S D Wayne Township,,,,***,***,***,391,351,89.77%,211,182,86.26%,62,59,95.16%,,,,420,350,83.33%,396,349,88.13%,657,591,89.95%,967,869,89.87%,124,82,66.13%,1032,911,88.28%,59,40,67.80%,581,508,87.44%,512,443,86.52%,1093,951,87.01%
5380,Beech Grove City Schools,,,,***,***,***,19,18,94.74%,***,***,***,***,***,***,,,,157,150,95.54%,89,86,96.63%,102,96,94.12%,176,169,96.02%,16,13,81.25%,191,181,94.76%,***,***,***,89,86,96.63%,103,96,93.20%,192,182,94.79%
5385,Indianapolis Public Schools,***,***,***,***,***,***,647,542,83.77%,268,223,83.21%,40,29,72.50%,,,,125,98,78.40%,395,348,88.10%,610,538,88.20%,862,789,91.53%,178,108,60.67%,992,865,87.20%,48,32,66.67%,541,480,88.72%,545,417,76.51%,1086,897,82.60%
5400,School Town of Speedway,,,,***,***,***,23,23,100.00%,13,12,92.31%,10,9,90.00%,,,,54,50,92.59%,46,43,93.48%,59,56,94.92%,92,92,100.00%,13,7,53.85%,100,94,94.00%,***,***,***,51,49,96.08%,54,50,92.59%,105,99,94.29%
5455,Culver Community Schools Corp,,,,,,,***,***,***,***,***,***,***,***,***,,,,64,59,92.19%,31,30,96.77%,36,34,94.44%,63,61,96.83%,***,***,***,69,66,95.65%,,,,32,30,93.75%,39,36,92.31%,71,66,92.96%
5470,Argos Community Schools,,,,,,,,,,***,***,***,***,***,***,,,,44,40,90.91%,32,31,96.88%,14,12,85.71%,41,39,95.12%,***,***,***,46,43,93.48%,,,,16,15,93.75%,31,28,90.32%,47,43,91.49%
5480,Bremen Public Schools,,,,***,***,***,***,***,***,31,29,93.55%,***,***,***,,,,88,79,89.77%,98,93,94.90%,24,19,79.17%,109,101,92.66%,14,11,78.57%,118,110,93.22%,***,***,***,62,59,95.16%,61,53,86.89%,123,112,91.06%
5485,Plymouth Community School Corp,***,***,***,***,***,***,***,***,***,63,57,90.48%,***,***,***,,,,217,192,88.48%,133,127,95.49%,148,127,85.81%,246,229,93.09%,37,26,70.27%,272,246,90.44%,11,9,81.82%,138,130,94.20%,151,126,83.44%,289,256,88.58%
5495,Triton School Corporation,,,,***,***,***,***,***,***,***,***,***,***,***,***,,,,57,50,87.72%,37,36,97.30%,23,18,78.26%,58,53,91.38%,***,***,***,62,54,87.10%,,,,28,27,96.43%,34,27,79.41%,62,54,87.10%
5520,Shoals Community School Corp,,,,,,,,,,,,,***,***,***,,,,45,43,95.56%,17,17,100.00%,27,24,88.89%,39,37,94.87%,***,***,***,46,43,93.48%,,,,16,16,100.00%,30,27,90.00%,46,43,93.48%
5525,Loogootee Community Sch Corp,,,,***,***,***,,,,,,,***,***,***,,,,58,57,98.28%,38,38,100.00%,21,21,100.00%,50,50,100.00%,***,***,***,59,59,100.00%,,,,28,27,96.43%,32,32,100.00%,60,59,98.33%
5615,Maconaquah School Corp,***,***,***,***,***,***,***,***,***,***,***,***,***,***,***,,,,134,127,94.78%,89,87,97.75%,62,57,91.94%,132,128,96.97%,21,18,85.71%,153,146,95.42%,,,,87,84,96.55%,66,62,93.94%,153,146,95.42%
5620,North Miami Community Schools,,,,,,,,,,,,,***,***,***,,,,76,70,92.11%,58,56,96.55%,18,15,83.33%,60,59,98.33%,16,12,75.00%,76,71,93.42%,,,,38,37,97.37%,39,34,87.18%,77,71,92.21%
5625,Oak Hill United School Corp,,,,,,,,,,***,***,***,***,***,***,,,,89,86,96.63%,73,72,98.63%,23,22,95.65%,83,82,98.80%,13,12,92.31%,96,94,97.92%,,,,39,36,92.31%,59,58,98.31%,98,94,95.92%
5635,Peru Community Schools,,,,***,***,***,***,***,***,***,***,***,***,***,***,,,,119,114,95.80%,71,70,98.59%,52,51,98.08%,112,112,100.00%,11,9,81.82%,122,120,98.36%,***,***,***,61,58,95.08%,65,63,96.92%,126,121,96.03%
5705,Richland-Bean Blossom C S C,,,,***,***,***,***,***,***,***,***,***,***,***,***,,,,190,168,88.42%,147,138,93.88%,52,41,78.85%,176,164,93.18%,27,16,59.26%,203,180,88.67%,,,,111,102,91.89%,92,78,84.78%,203,180,88.67%
5740,Monroe County Community Sch Corp,***,***,***,37,34,91.89%,33,25,75.75%,39,34,87.18%,43,40,93.02%,***,***,***,659,607,92.11%,611,587,96.07%,181,155,85.64%,713,677,94.95%,90,67,74.44%,800,741,92.63%,***,***,***,385,364,94.55%,430,380,88.37%,815,744,91.29%
5835,North Montgomery Com Sch Corp,,,,,,,***,***,***,***,***,***,***,***,***,,,,148,145,97.97%,113,111,98.23%,42,42,100.00%,138,138,100.00%,17,15,88.24%,153,151,98.69%,***,***,***,68,67,98.53%,88,86,97.73%,156,153,98.08%
5845,South Montgomery Com Sch Corp,,,,,,,,,,***,***,***,***,***,***,,,,122,117,95.90%,94,92,97.87%,33,30,90.91%,102,102,100.00%,25,20,80.00%,127,122,96.06%,,,,54,53,98.15%,73,69,94.52%,127,122,96.06%
5855,Crawfordsville Community Schools,***,***,***,***,***,***,***,***,***,23,22,95.65%,***,***,***,,,,116,112,96.55%,80,79,98.75%,70,67,95.71%,132,130,98.48%,20,18,90.00%,149,146,97.99%,***,***,***,68,66,97.06%,86,82,95.35%,154,148,96.10%
5900,Monroe-Gregg School District,***,***,***,***,***,***,,,,,,,***,***,***,,,,131,114,87.02%,96,93,96.88%,26,24,92.31%,113,109,96.46%,14,10,71.43%,126,118,93.65%,***,***,***,63,60,95.24%,74,59,79.73%,137,119,86.86%
5910,Eminence Community School Corp,,,,,,,,,,,,,***,***,***,,,,24,22,91.67%,17,16,94.12%,***,***,***,22,21,95.45%,***,***,***,24,23,95.83%,,,,11,11,100.00%,14,12,85.71%,25,23,92.00%
5925,M S D Martinsville Schools,***,***,***,***,***,***,***,***,***,***,***,***,***,***,***,,,,323,297,91.95%,234,225,96.15%,104,88,84.62%,292,283,96.92%,47,30,63.83%,337,311,92.28%,***,***,***,174,163,93.68%,167,150,89.82%,341,313,91.79%
5930,Mooresville Con School Corp,***,***,***,,,,***,***,***,***,***,***,11,11,100.00%,,,,307,290,94.46%,239,233,97.49%,83,77,92.77%,297,294,98.99%,25,16,64.00%,321,310,96.57%,***,***,***,158,151,95.57%,170,159,93.53%,328,310,94.51%
5945,North Newton School Corp,,,,***,***,***,,,,***,***,***,***,***,***,,,,100,91,91.00%,60,58,96.67%,45,39,86.67%,91,87,95.60%,14,10,71.43%,103,95,92.23%,***,***,***,43,42,97.67%,63,55,87.30%,106,97,91.51%
5995,South Newton School Corp,,,,,,,,,,***,***,***,,,,,,,46,38,82.61%,24,23,95.83%,21,16,76.19%,41,37,90.24%,***,***,***,47,41,87.23%,***,***,***,25,22,88.00%,26,19,73.08%,51,41,80.39%
6055,Central Noble Com School Corp,,,,,,,,,,,,,***,***,***,,,,94,89,94.68%,67,67,100.00%,27,23,85.19%,82,80,97.56%,12,10,83.33%,94,90,95.74%,,,,46,44,95.65%,49,46,93.88%,95,90,94.74%
6060,East Noble School Corporation,***,***,***,***,***,***,***,***,***,24,21,87.50%,***,***,***,,,,266,243,91.35%,198,188,94.95%,92,82,89.13%,252,240,95.24%,44,34,77.27%,295,273,92.54%,***,***,***,159,149,93.71%,142,125,88.03%,301,274,91.03%
6065,West Noble School Corporation,,,,,,,,,,83,77,92.77%,***,***,***,,,,74,64,86.49%,81,72,88.89%,75,68,90.67%,142,132,92.96%,15,9,60.00%,149,134,89.93%,***,***,***,85,81,95.29%,73,60,82.19%,158,141,89.24%
6080,Rising Sun-Ohio Co Com,,,,,,,,,,***,***,***,,,,,,,47,44,93.62%,39,38,97.44%,***,***,***,38,38,100.00%,***,***,***,47,45,95.74%,,,,20,19,95.00%,28,26,92.86%,48,45,93.75%
6145,Orleans Community Schools,,,,,,,,,,,,,,,,,,,56,55,98.21%,34,33,97.06%,21,21,100.00%,48,47,97.92%,***,***,***,56,55,98.21%,,,,31,31,100.00%,25,24,96.00%,56,55,98.21%
6155,Paoli Community School Corp,,,,***,***,***,,,,,,,***,***,***,,,,77,72,93.51%,45,45,100.00%,32,30,93.75%,75,71,94.67%,***,***,***,81,76,93.83%,,,,30,30,100.00%,51,46,90.20%,81,76,93.83%
6160,Springs Valley Com School Corp,,,,,,,***,***,***,,,,***,***,***,,,,53,45,84.91%,37,33,89.19%,19,15,78.95%,41,37,90.24%,16,11,68.75%,57,48,84.21%,,,,25,23,92.00%,32,25,78.13%,57,48,84.21%
6195,Spencer-Owen Community Schools,***,***,***,***,***,***,***,***,***,***,***,***,***,***,***,,,,169,155,91.72%,107,102,95.33%,68,62,91.18%,152,146,96.05%,25,18,72.00%,177,164,92.66%,,,,82,78,95.12%,96,86,89.58%,178,164,92.13%
6260,Southwest Parke Com Sch Corp,***,***,***,,,,,,,***,***,***,***,***,***,,,,82,71,86.59%,45,44,97.78%,33,29,87.88%,64,59,92.19%,17,14,82.35%,81,73,90.12%,,,,35,33,94.29%,50,40,80.00%,85,73,85.88%
6325,Perry Central Com Schools Corp,,,,,,,,,,,,,***,***,***,,,,100,96,96.00%,71,70,98.59%,29,28,96.55%,87,87,100.00%,13,11,84.62%,100,98,98.00%,,,,47,45,95.74%,55,53,96.36%,102,98,96.08%
6340,Cannelton City Schools,,,,,,,,,,,,,,,,,,,21,10,47.62%,***,***,***,11,5,45.45%,14,7,50.00%,***,***,***,18,10,55.56%,,,,12,7,58.33%,***,***,***,21,10,47.62%
6350,Tell City-Troy Twp School Corp,***,***,***,***,***,***,,,,***,***,***,***,***,***,,,,95,90,94.74%,72,69,95.83%,25,24,96.00%,92,89,96.74%,11,8,72.73%,103,97,94.17%,,,,47,43,91.49%,58,54,93.10%,105,97,92.38%
6375,North Central Parke Comm Schl Corp,,,,***,***,***,,,,***,***,***,***,***,***,,,,87,74,85.06%,46,44,95.65%,38,35,92.11%,70,62,88.57%,18,17,94.44%,88,79,89.77%,,,,46,40,86.96%,47,39,82.98%,93,79,84.95%
6445,Pike County School Corp,,,,***,***,***,,,,***,***,***,***,***,***,,,,130,121,93.08%,94,92,97.87%,40,35,87.50%,115,113,98.26%,22,14,63.64%,137,127,92.70%,,,,74,73,98.65%,63,54,85.71%,137,127,92.70%
6460,M S D Boone Township,,,,,,,***,***,***,***,***,***,***,***,***,,,,80,78,97.50%,62,61,98.39%,26,25,96.15%,74,73,98.65%,14,13,92.86%,88,86,97.73%,,,,39,37,94.87%,50,49,98.00%,89,86,96.63%
6470,Duneland School Corporation,,,,***,***,***,14,14,100.00%,46,42,91.30%,13,11,84.62%,,,,390,360,92.31%,365,352,96.44%,96,84,87.50%,391,377,96.42%,72,59,81.94%,462,436,94.37%,***,***,***,235,224,95.32%,237,212,89.45%,472,436,92.37%
6510,East Porter County School Corp,***,***,***,,,,,,,11,11,100.00%,***,***,***,,,,151,143,94.70%,140,138,98.57%,28,23,82.14%,147,143,97.28%,22,19,86.36%,169,162,95.86%,,,,83,83,100.00%,87,79,90.80%,170,162,95.29%
6520,Porter Township School Corp,,,,,,,***,***,***,14,12,85.71%,,,,,,,98,94,95.92%,90,88,97.78%,21,19,90.48%,98,95,96.94%,15,13,86.67%,113,108,95.58%,,,,57,55,96.49%,57,53,92.98%,114,108,94.74%
6530,Union Township School Corp,,,,,,,***,***,***,16,16,100.00%,***,***,***,,,,114,111,97.37%,115,113,98.26%,19,19,100.00%,122,121,99.18%,12,11,91.67%,132,130,98.48%,***,***,***,69,68,98.55%,66,64,96.97%,135,132,97.78%
6550,Portage Township Schools,***,***,***,***,***,***,66,63,95.45%,124,117,94.35%,28,24,85.71%,,,,354,332,93.79%,318,307,96.54%,257,233,90.66%,503,487,96.82%,74,54,72.97%,575,540,93.91%,***,***,***,282,271,96.10%,295,270,91.53%,577,541,93.76%
6560,Valparaiso Community Schools,***,***,***,***,***,***,17,16,94.12%,45,38,84.44%,18,18,100.00%,,,,383,357,93.21%,362,350,96.69%,90,79,87.78%,414,398,96.14%,47,34,72.34%,459,430,93.68%,***,***,***,245,230,93.88%,228,209,91.67%,473,439,92.81%
6590,M S D Mount Vernon,***,***,***,***,***,***,***,***,***,***,***,***,***,***,***,,,,147,132,89.80%,122,115,94.26%,39,31,79.49%,125,117,93.60%,38,29,76.32%,161,144,89.44%,***,***,***,79,71,89.87%,84,75,89.29%,163,146,89.57%
6600,M S D North Posey Co Schools,***,***,***,***,***,***,,,,***,***,***,,,,,,,129,124,96.12%,102,101,99.02%,32,29,90.63%,108,107,99.07%,28,24,85.71%,136,131,96.32%,,,,71,70,98.59%,65,61,93.85%,136,131,96.32%
6620,Eastern Pulaski Community Sch Corp,,,,,,,***,***,***,***,***,***,***,***,***,,,,85,79,92.94%,57,57,100.00%,28,26,92.86%,79,76,96.20%,12,9,75.00%,91,85,93.41%,,,,41,40,97.56%,51,45,88.24%,92,85,92.39%
6630,West Central School Corp,,,,,,,,,,***,***,***,,,,,,,62,56,90.32%,45,44,97.78%,19,17,89.47%,57,54,94.74%,***,***,***,64,60,93.75%,***,***,***,33,33,100.00%,34,28,82.35%,67,61,91.04%
6705,South Putnam Community Schools,,,,,,,,,,***,***,***,***,***,***,,,,82,76,92.68%,60,59,98.33%,26,21,80.77%,72,70,97.22%,14,10,71.43%,86,80,93.02%,,,,42,38,90.48%,44,42,95.45%,86,80,93.02%
6715,North Putnam Community Schools,,,,,,,***,***,***,,,,***,***,***,,,,117,108,92.31%,80,78,97.50%,36,32,88.89%,106,104,98.11%,11,6,54.55%,117,110,94.02%,,,,58,56,96.55%,61,54,88.52%,119,110,92.44%
6750,Cloverdale Community Schools,,,,,,,***,***,***,***,***,***,***,***,***,,,,72,67,93.06%,53,51,96.23%,25,22,88.00%,71,69,97.18%,***,***,***,79,74,93.67%,,,,39,36,92.31%,40,38,95.00%,79,74,93.67%
6755,Greencastle Community School Corp,,,,***,***,***,***,***,***,***,***,***,***,***,***,,,,116,102,87.93%,87,84,96.55%,33,26,78.79%,109,102,93.58%,13,8,61.54%,122,110,90.16%,,,,63,56,88.89%,62,54,87.10%,125,110,88.00%
6795,Union School Corporation,,,,***,***,***,,,,***,***,***,***,***,***,,,,44,34,77.27%,17,17,100.00%,22,20,90.91%,34,34,100.00%,***,***,***,38,36,94.74%,***,***,***,27,23,85.19%,20,14,70.00%,47,37,78.72%
6805,Randolph Southern School Corp,,,,,,,,,,,,,,,,,,,29,29,100.00%,20,20,100.00%,***,***,***,26,26,100.00%,***,***,***,29,29,100.00%,,,,17,17,100.00%,12,12,100.00%,29,29,100.00%
6820,Monroe Central School Corp,,,,,,,***,***,***,***,***,***,***,***,***,,,,71,67,94.37%,48,47,97.92%,31,30,96.77%,73,71,97.26%,***,***,***,79,77,97.47%,,,,32,30,93.75%,50,47,94.00%,82,77,93.90%
6825,Randolph Central School Corp,,,,,,,,,,,,,***,***,***,,,,110,98,89.09%,55,52,94.55%,53,46,86.79%,94,90,95.74%,16,9,56.25%,110,99,90.00%,,,,51,47,92.16%,60,52,86.67%,111,99,89.19%
6835,Randolph Eastern School Corp,,,,***,***,***,***,***,***,14,14,100.00%,***,***,***,,,,55,51,92.73%,42,42,100.00%,27,26,96.30%,63,61,96.83%,***,***,***,70,68,97.14%,***,***,***,36,36,100.00%,38,33,86.84%,74,69,93.24%
6865,South Ripley Com Sch Corp,,,,,,,,,,***,***,***,***,***,***,,,,68,67,98.53%,38,37,97.37%,33,33,100.00%,63,63,100.00%,***,***,***,71,70,98.59%,,,,37,37,100.00%,34,33,97.06%,71,70,98.59%
6895,Batesville Community School Corp,,,,***,***,***,,,,***,***,***,***,***,***,,,,162,153,94.44%,138,136,98.55%,29,24,82.76%,155,152,98.06%,12,8,66.67%,167,160,95.81%,,,,92,84,91.30%,78,76,97.44%,170,160,94.12%
6900,Jac-Cen-Del Community Sch Corp,,,,***,***,***,,,,***,***,***,,,,,,,61,56,91.80%,36,35,97.22%,26,23,88.46%,53,49,92.45%,***,***,***,61,57,93.44%,***,***,***,40,37,92.50%,23,21,91.30%,63,58,92.06%
6910,Milan Community Schools,,,,,,,,,,***,***,***,,,,,,,91,84,92.31%,69,62,89.86%,23,22,95.65%,83,77,92.77%,10,8,80.00%,93,85,91.40%,,,,36,36,100.00%,57,49,85.96%,93,85,91.40%
6995,Rush County Schools,,,,***,***,***,***,***,***,***,***,***,***,***,***,,,,162,158,97.53%,113,111,98.23%,58,57,98.28%,153,151,98.69%,18,17,94.44%,171,168,98.25%,,,,82,81,98.78%,90,87,96.67%,172,168,97.67%
7150,John Glenn School Corporation,***,***,***,***,***,***,,,,***,***,***,***,***,***,,,,142,135,95.07%,105,101,96.19%,51,47,92.16%,140,135,96.43%,16,13,81.25%,156,148,94.87%,,,,73,70,95.89%,83,78,93.98%,156,148,94.87%
7175,Penn-Harris-Madison School Corp,***,***,***,48,46,95.83%,38,36,94.74%,33,30,90.91%,31,28,90.32%,,,,716,681,95.11%,710,682,96.06%,145,136,93.79%,778,763,98.07%,89,62,69.66%,861,822,95.47%,***,***,***,423,403,95.27%,448,422,94.20%,871,825,94.72%
7200,School City of Mishawaka,***,***,***,***,***,***,12,11,91.67%,24,21,87.50%,15,13,86.67%,,,,286,261,91.26%,170,164,96.47%,158,141,89.24%,299,289,96.66%,34,20,58.82%,332,308,92.77%,***,***,***,167,157,94.01%,175,153,87.43%,342,310,90.64%
7205,South Bend Community School Corp,***,***,***,17,17,100.00%,428,316,73.83%,234,179,76.50%,114,90,78.95%,***,***,***,461,391,84.82%,456,397,87.06%,732,594,81.15%,1034,886,85.69%,186,111,59.68%,1147,954,83.17%,73,43,58.90%,612,505,82.52%,648,492,75.93%,1260,997,79.13%
7215,Union-North United School Corp,,,,,,,,,,***,***,***,,,,,,,75,61,81.33%,43,40,93.02%,32,24,75.00%,70,64,91.43%,***,***,***,77,66,85.71%,***,***,***,34,26,76.47%,48,41,85.42%,82,67,81.71%
7230,Scott County School District 1,,,,,,,***,***,***,,,,,,,,,,96,87,90.63%,50,49,98.00%,42,38,90.48%,76,74,97.37%,17,14,82.35%,93,88,94.62%,,,,48,44,91.67%,49,44,89.80%,97,88,90.72%
7255,Scott County School District 2,,,,,,,,,,***,***,***,***,***,***,,,,182,154,84.62%,110,106,96.36%,70,51,72.86%,154,135,87.66%,31,23,74.19%,185,158,85.41%,,,,87,77,88.51%,100,81,81.00%,187,158,84.49%
7285,Shelby Eastern Schools,,,,***,***,***,,,,,,,,,,,,,78,76,97.44%,72,72,100.00%,***,***,***,68,68,100.00%,11,9,81.82%,79,77,97.47%,,,,31,30,96.77%,48,47,97.92%,79,77,97.47%
7350,Northwestern Con School Corp,,,,,,,***,***,***,***,***,***,***,***,***,,,,86,82,95.35%,64,63,98.44%,25,24,96.00%,84,82,97.62%,***,***,***,91,88,96.70%,,,,49,47,95.92%,43,41,95.35%,92,88,95.65%
7360,Southwestern Con Sch Shelby Co,,,,***,***,***,,,,***,***,***,,,,,,,56,55,98.21%,44,44,100.00%,13,13,100.00%,52,51,98.08%,***,***,***,58,57,98.28%,,,,33,33,100.00%,25,24,96.00%,58,57,98.28%
7365,Shelbyville Central Schools,,,,***,***,***,***,***,***,16,16,100.00%,13,11,84.62%,,,,233,220,94.42%,185,180,97.30%,81,72,88.89%,239,235,98.33%,28,17,60.71%,266,251,94.36%,***,***,***,120,114,95.00%,148,138,93.24%,268,252,94.03%
7385,North Spencer County Sch Corp,,,,,,,,,,***,***,***,***,***,***,,,,117,113,96.58%,98,96,97.96%,29,27,93.10%,109,108,99.08%,18,15,83.33%,124,121,97.58%,***,***,***,65,64,98.46%,62,59,95.16%,127,123,96.85%
7445,South Spencer County Sch Corp,,,,,,,,,,***,***,***,***,***,***,,,,90,81,90.00%,64,61,95.31%,32,29,90.63%,85,83,97.65%,11,7,63.64%,95,90,94.74%,***,***,***,53,46,86.79%,50,44,88.00%,103,90,87.38%
7495,Oregon-Davis School Corp,,,,,,,,,,***,***,***,***,***,***,,,,33,29,87.88%,20,20,100.00%,18,15,83.33%,39,34,87.18%,***,***,***,41,35,85.37%,,,,21,20,95.24%,20,15,75.00%,41,35,85.37%
7515,North Judson-San Pierre Sch Corp,,,,,,,,,,***,***,***,,,,,,,82,77,93.90%,51,48,94.12%,35,34,97.14%,67,66,98.51%,19,16,84.21%,86,82,95.35%,,,,48,46,95.83%,41,37,90.24%,89,83,93.26%
7525,Knox Community School Corp,***,***,***,,,,,,,***,***,***,***,***,***,,,,118,111,94.07%,72,70,97.22%,55,51,92.73%,110,108,98.18%,18,13,72.22%,127,120,94.49%,***,***,***,62,60,96.77%,66,61,92.42%,128,121,94.53%
7605,Fremont Community Schools,,,,***,***,***,,,,***,***,***,***,***,***,***,***,***,68,57,83.82%,51,46,90.20%,22,19,86.36%,60,57,95.00%,13,8,61.54%,73,65,89.04%,,,,41,39,95.12%,35,26,74.29%,76,65,85.53%
7610,Hamilton Community Schools,,,,,,,,,,***,***,***,,,,,,,27,24,88.89%,22,20,90.91%,***,***,***,23,23,100.00%,***,***,***,28,25,89.29%,,,,15,14,93.33%,13,11,84.62%,28,25,89.29%
7615,M S D Steuben County,***,***,***,***,***,***,***,***,***,12,11,91.67%,***,***,***,,,,143,124,86.71%,119,107,89.92%,42,36,85.71%,147,132,89.80%,18,12,66.67%,162,141,87.04%,***,***,***,89,77,86.52%,77,67,87.01%,166,144,86.75%
7645,Northeast School Corp,,,,,,,,,,***,***,***,***,***,***,,,,65,53,81.54%,41,40,97.56%,25,15,60.00%,59,52,88.14%,***,***,***,66,55,83.33%,,,,32,26,81.25%,35,29,82.86%,67,55,82.09%
7715,Southwest School Corporation,***,***,***,,,,***,***,***,***,***,***,,,,,,,140,120,85.71%,97,89,91.75%,44,37,84.09%,121,111,91.74%,24,15,62.50%,145,126,86.90%,,,,70,62,88.57%,78,64,82.05%,148,126,85.14%
7775,Switzerland County School Corp,,,,,,,,,,,,,***,***,***,,,,107,102,95.33%,71,68,95.77%,36,35,97.22%,91,90,98.90%,16,13,81.25%,107,103,96.26%,,,,50,47,94.00%,58,56,96.55%,108,103,95.37%
7855,Lafayette School Corporation,***,***,***,***,***,***,50,42,84.00%,107,99,92.52%,20,19,95.00%,,,,265,224,84.53%,208,192,92.31%,227,197,86.78%,383,349,91.12%,60,41,68.33%,430,379,88.14%,13,11,84.62%,222,202,90.99%,226,188,83.19%,448,390,87.05%
7865,Tippecanoe School Corp,***,***,***,12,11,91.67%,28,21,75.00%,83,73,87.95%,32,28,87.50%,,,,650,611,94.00%,607,580,95.55%,187,164,87.70%,699,669,95.71%,100,75,75.00%,789,737,93.41%,10,7,70.00%,423,400,94.56%,383,344,89.82%,806,744,92.31%
7875,West Lafayette Com School Corp,,,,39,39,100.00%,***,***,***,10,9,90.00%,***,***,***,,,,107,104,97.20%,152,149,98.03%,17,17,100.00%,153,152,99.35%,17,15,88.24%,168,166,98.81%,***,***,***,87,86,98.85%,84,81,96.43%,171,167,97.66%
7935,Tri-Central Community Schools,,,,***,***,***,,,,***,***,***,,,,,,,79,74,93.67%,60,57,95.00%,22,20,90.91%,69,68,98.55%,13,9,69.23%,82,77,93.90%,,,,39,37,94.87%,43,40,93.02%,82,77,93.90%
7945,Tipton Community School Corp,,,,,,,***,***,***,***,***,***,***,***,***,,,,126,120,95.24%,96,94,97.92%,35,35,100.00%,113,112,99.12%,21,19,90.48%,134,131,97.76%,,,,67,64,95.52%,70,67,95.71%,137,131,95.62%
7950,Union Co/Clg Corner Joint Sch Dist,***,***,***,,,,,,,***,***,***,***,***,***,,,,107,98,91.59%,64,61,95.31%,44,39,88.64%,95,91,95.79%,14,10,71.43%,109,101,92.66%,,,,46,43,93.48%,64,58,90.63%,110,101,91.82%
7995,Evansville Vanderburgh School Corp,***,***,***,17,17,100.00%,224,153,68.30%,36,31,86.11%,156,111,71.15%,***,***,***,1134,945,83.33%,806,739,91.69%,673,514,76.37%,1294,1106,85.47%,229,154,67.25%,1510,1252,82.91%,13,8,61.54%,797,676,84.82%,778,585,75.19%,1575,1261,80.06%
8010,North Vermillion Com Sch Corp,,,,,,,***,***,***,***,***,***,***,***,***,,,,60,56,93.33%,40,40,100.00%,21,21,100.00%,51,50,98.04%,12,11,91.67%,63,61,96.83%,,,,25,24,96.00%,40,37,92.50%,65,61,93.85%
8020,South Vermillion Com Sch Corp,***,***,***,,,,,,,***,***,***,***,***,***,***,***,***,116,109,93.97%,83,79,95.18%,38,36,94.74%,105,103,98.10%,17,12,70.59%,122,115,94.26%,,,,61,57,93.44%,61,58,95.08%,122,115,94.26%
8030,Vigo County School Corp,,,,21,21,100.00%,54,41,75.93%,27,23,85.19%,62,52,83.87%,***,***,***,784,705,89.92%,573,549,95.81%,350,293,83.71%,758,714,94.20%,174,129,74.14%,925,839,90.70%,***,***,***,495,448,90.51%,455,395,86.81%,950,843,88.74%
8045,Manchester Community Schools,***,***,***,***,***,***,***,***,***,***,***,***,,,,,,,100,95,95.00%,69,69,100.00%,38,34,89.47%,93,90,96.77%,14,13,92.86%,107,103,96.26%,,,,58,56,96.55%,50,47,94.00%,108,103,95.37%
8050,M S D Wabash County Schools,,,,***,***,***,***,***,***,***,***,***,***,***,***,,,,197,161,81.73%,115,112,97.39%,54,47,87.04%,153,146,95.42%,28,23,82.14%,181,169,93.37%,,,,100,86,86.00%,107,83,77.57%,207,169,81.64%
8060,Wabash City Schools,***,***,***,***,***,***,***,***,***,***,***,***,***,***,***,,,,90,81,90.00%,47,44,93.62%,47,42,89.36%,87,85,97.70%,***,***,***,95,86,90.53%,,,,56,51,91.07%,40,35,87.50%,96,86,89.58%
8115,M S D Warren County,,,,,,,,,,***,***,***,,,,***,***,***,71,68,95.77%,52,51,98.08%,21,20,95.24%,67,67,100.00%,***,***,***,73,71,97.26%,,,,35,34,97.14%,39,37,94.87%,74,71,95.95%
8130,Warrick County School Corp,***,***,***,19,19,100.00%,13,11,84.62%,15,13,86.67%,28,22,78.57%,,,,651,597,91.71%,562,535,95.20%,150,127,84.67%,605,574,94.88%,111,88,79.28%,715,661,92.45%,***,***,***,352,333,94.60%,376,331,88.03%,728,664,91.21%
8205,Salem Community Schools,,,,***,***,***,,,,***,***,***,***,***,***,,,,142,124,87.32%,85,83,97.65%,63,47,74.60%,123,116,94.31%,25,14,56.00%,148,130,87.84%,,,,77,70,90.91%,72,60,83.33%,149,130,87.25%
8215,East Washington School Corp,,,,***,***,***,,,,***,***,***,***,***,***,,,,89,84,94.38%,57,53,92.98%,38,35,92.11%,83,80,96.39%,12,8,66.67%,95,88,92.63%,,,,53,49,92.45%,42,39,92.86%,95,88,92.63%
8220,West Washington School Corp,,,,,,,,,,***,***,***,***,***,***,,,,63,58,92.06%,41,39,95.12%,24,21,87.50%,53,50,94.34%,13,11,84.62%,66,61,92.42%,,,,34,29,85.29%,33,32,96.97%,67,61,91.04%
8305,Nettle Creek School Corporation,,,,,,,,,,***,***,***,,,,,,,83,82,98.80%,67,67,100.00%,16,15,93.75%,73,73,100.00%,10,9,90.00%,83,82,98.80%,,,,36,36,100.00%,48,46,95.83%,84,82,97.62%
8355,Western Wayne Schools,,,,***,***,***,,,,,,,***,***,***,,,,76,72,94.74%,38,35,92.11%,40,38,95.00%,69,67,97.10%,10,7,70.00%,79,74,93.67%,,,,39,38,97.44%,40,36,90.00%,79,74,93.67%
8360,Centerville-Abington Com Schs,,,,***,***,***,***,***,***,,,,***,***,***,,,,91,88,96.70%,68,66,97.06%,25,25,100.00%,86,85,98.84%,***,***,***,93,91,97.85%,,,,40,39,97.50%,55,52,94.55%,95,91,95.79%
8375,Northeastern Wayne Schools,***,***,***,,,,***,***,***,***,***,***,***,***,***,,,,107,104,97.20%,77,76,98.70%,35,33,94.29%,98,96,97.96%,14,13,92.86%,111,108,97.30%,***,***,***,54,54,100.00%,58,55,94.83%,112,109,97.32%
8385,Richmond Community Schools,,,,***,***,***,27,27,100.00%,23,22,95.65%,35,34,97.14%,,,,190,183,96.32%,102,99,97.06%,175,169,96.57%,245,245,100.00%,33,24,72.73%,274,266,97.08%,***,***,***,144,140,97.22%,136,130,95.59%,280,270,96.43%
8425,Southern Wells Com Schools,***,***,***,,,,,,,***,***,***,,,,,,,69,66,95.65%,49,46,93.88%,22,22,100.00%,62,62,100.00%,***,***,***,71,68,95.77%,,,,34,33,97.06%,38,35,92.11%,72,68,94.44%
8435,Northern Wells Community Schools,,,,,,,***,***,***,***,***,***,***,***,***,,,,159,155,97.48%,137,135,98.54%,30,26,86.67%,140,138,98.57%,27,23,85.19%,167,161,96.41%,,,,81,80,98.77%,86,81,94.19%,167,161,96.41%
8445,M S D Bluffton-Harrison,***,***,***,***,***,***,***,***,***,***,***,***,***,***,***,,,,93,92,98.92%,60,59,98.33%,40,40,100.00%,96,96,100.00%,***,***,***,100,99,99.00%,***,***,***,50,50,100.00%,51,50,98.04%,101,100,99.01%
8515,North White School Corp,,,,,,,,,,16,13,81.25%,***,***,***,,,,30,28,93.33%,14,12,85.71%,33,31,93.94%,43,38,88.37%,***,***,***,39,35,89.74%,***,***,***,24,20,83.33%,24,23,95.83%,48,43,89.58%
8525,Frontier School Corporation,,,,***,***,***,,,,***,***,***,***,***,***,,,,49,45,91.84%,46,42,91.30%,***,***,***,42,40,95.24%,10,8,80.00%,52,48,92.31%,,,,28,26,92.86%,24,22,91.67%,52,48,92.31%
8535,Tri-County School Corporation,,,,,,,,,,***,***,***,,,,,,,49,45,91.84%,36,34,94.44%,14,13,92.86%,46,43,93.48%,***,***,***,51,47,92.16%,,,,26,24,92.31%,25,23,92.00%,51,47,92.16%
8565,Twin Lakes School Corp,,,,***,***,***,***,***,***,18,12,66.67%,***,***,***,,,,166,138,83.13%,128,114,89.06%,57,43,75.44%,165,145,87.88%,22,12,54.55%,184,157,85.33%,***,***,***,91,82,90.11%,103,75,72.82%,194,157,80.93%
8625,Smith-Green Community Schools,,,,***,***,***,,,,***,***,***,***,***,***,,,,100,89,89.00%,81,76,93.83%,18,16,88.89%,87,84,96.55%,13,8,61.54%,100,92,92.00%,,,,42,40,95.24%,61,52,85.25%,103,92,89.32%
8665,Whitley County Con Schools,***,***,***,***,***,***,***,***,***,12,12,100.00%,***,***,***,***,***,***,228,207,90.79%,207,196,94.69%,41,33,80.49%,228,219,96.05%,21,10,47.62%,248,228,91.94%,***,***,***,129,120,93.02%,121,109,90.08%,250,229,91.60%
8810,CSUSA Howe,***,***,***,,,,48,28,58.33%,***,***,***,***,***,***,,,,17,4,23.53%,,,,45,38,84.44%,43,34,79.07%,***,***,***,47,37,78.72%,***,***,***,35,19,54.29%,43,19,44.19%,78,38,48.72%
8815,CSUSA Manual,,,,***,***,***,38,32,84.21%,25,21,84.00%,***,***,***,,,,59,41,69.49%,***,***,***,109,96,88.07%,94,89,94.68%,17,9,52.94%,106,93,87.74%,***,***,***,61,54,88.52%,71,49,69.01%,132,103,78.03%
8820,Edison Learning Roosevelt,,,,,,,98,46,46.94%,***,***,***,***,***,***,,,,***,***,***,***,***,***,84,44,52.38%,81,37,45.68%,18,9,50.00%,99,46,46.46%,,,,55,28,50.91%,46,18,39.13%,101,46,45.54%
9120,Insight School of Indiana,,,,,,,13,2,15.38%,***,***,***,***,***,***,,,,96,15,15.63%,57,15,26.32%,63,6,9.52%,97,17,17.53%,24,4,16.67%,119,21,17.65%,***,***,***,63,9,14.29%,59,12,20.34%,122,21,17.21%
9200,Archdiocese of Indianapolis,,,,48,47,97.92%,128,126,98.44%,89,84,94.38%,57,56,98.25%,***,***,***,1031,1022,99.13%,1141,1130,99.04%,209,206,98.56%,1304,1293,99.16%,48,45,93.75%,1344,1334,99.26%,***,***,***,650,642,98.77%,706,696,98.58%,1356,1338,98.67%
9205,Diocese of Gary,,,,38,25,65.79%,59,56,94.92%,78,77,98.72%,19,18,94.74%,,,,157,144,91.72%,267,254,95.13%,67,64,95.52%,331,316,95.47%,***,***,***,315,303,96.19%,21,17,80.95%,184,170,92.39%,167,150,89.82%,351,320,91.17%
9210,Diocese of Lafayette Catholic Sch,,,,***,***,***,***,***,***,11,11,100.00%,***,***,***,,,,244,243,99.59%,257,257,100.00%,***,***,***,255,255,100.00%,***,***,***,264,264,100.00%,,,,113,112,99.12%,152,152,100.00%,265,264,99.62%
9215,Diocese of Evansville,,,,***,***,***,,,,***,***,***,***,***,***,,,,305,304,99.67%,293,292,99.66%,31,31,100.00%,311,310,99.68%,13,13,100.00%,323,322,99.69%,***,***,***,160,160,100.00%,164,163,99.39%,324,323,99.69%
9220,Diocese of Fort Wayne - South Bend,,,,28,28,100.00%,45,44,97.78%,70,69,98.57%,19,19,100.00%,***,***,***,585,577,98.63%,615,612,99.51%,129,125,96.90%,715,711,99.44%,30,27,90.00%,737,730,99.05%,***,***,***,359,355,98.89%,389,383,98.46%,748,738,98.66%
9230,Lutheran Schools of Indiana,***,***,***,11,11,100.00%,22,21,95.45%,***,***,***,18,18,100.00%,,,,245,241,98.37%,179,177,98.88%,125,122,97.60%,285,281,98.60%,19,18,94.74%,301,296,98.34%,***,***,***,146,145,99.32%,158,154,97.47%,304,299,98.36%
9305,Excel Center - Richmond,,,,,,,23,6,26.09%,***,***,***,10,3,30.00%,,,,155,51,32.90%,32,15,46.88%,123,49,39.84%,160,61,38.13%,19,6,31.58%,176,65,36.93%,***,***,***,116,43,37.07%,80,24,30.00%,196,67,34.18%
9315,Signature School Inc,,,,***,***,***,***,***,***,***,***,***,***,***,***,,,,62,62,100.00%,74,74,100.00%,***,***,***,83,83,100.00%,,,,83,83,100.00%,,,,49,49,100.00%,34,34,100.00%,83,83,100.00%
9320,Community Montessori Inc,,,,***,***,***,,,,***,***,***,***,***,***,,,,35,35,100.00%,30,30,100.00%,11,11,100.00%,26,26,100.00%,15,15,100.00%,41,41,100.00%,,,,18,18,100.00%,23,23,100.00%,41,41,100.00%
9325,Options Charter School - Carmel,,,,,,,12,6,50.00%,***,***,***,***,***,***,,,,43,20,46.51%,41,21,51.22%,16,6,37.50%,57,22,38.60%,***,***,***,63,28,44.44%,***,***,***,29,12,41.38%,35,16,45.71%,64,28,43.75%
9330,Irvington Community School,,,,***,***,***,21,16,76.19%,***,***,***,***,***,***,,,,58,50,86.21%,29,28,96.55%,48,37,77.08%,65,56,86.15%,12,9,75.00%,76,65,85.53%,***,***,***,39,36,92.31%,48,35,72.92%,87,71,81.61%
9335,Excel Center - Lafayette Square,***,***,***,***,***,***,100,19,19.00%,133,30,22.56%,***,***,***,***,***,***,19,3,15.79%,24,11,45.83%,162,43,26.54%,220,54,24.55%,12,1,8.33%,132,34,25.76%,100,21,21.00%,176,45,25.57%,88,10,11.36%,264,55,20.83%
9345,Excel Center - Lafayette,***,***,***,***,***,***,22,5,22.73%,29,11,37.93%,***,***,***,***,***,***,144,58,40.28%,40,24,60.00%,116,50,43.10%,159,72,45.28%,30,6,20.00%,178,72,40.45%,11,6,54.55%,129,62,48.06%,76,16,21.05%,205,78,38.05%
9355,Excel Center - Kokomo,,,,***,***,***,30,3,10.00%,13,2,15.38%,***,***,***,,,,196,64,32.65%,35,8,22.86%,146,60,41.10%,192,68,35.42%,24,2,8.33%,213,69,32.39%,***,***,***,144,46,31.94%,105,24,22.86%,249,70,28.11%
9380,Christel House Academy South,***,***,***,,,,***,***,***,19,19,100.00%,***,***,***,,,,15,11,73.33%,***,***,***,37,32,86.49%,36,31,86.11%,***,***,***,42,35,83.33%,***,***,***,22,19,86.36%,22,18,81.82%,44,37,84.09%
9385,Christel House DORS South,***,***,***,40,2,5.00%,32,6,18.75%,11,4,36.36%,***,***,***,,,,19,8,42.11%,28,9,32.14%,37,10,27.03%,71,16,22.54%,***,***,***,55,17,30.91%,22,3,13.64%,46,12,26.09%,58,8,13.79%,104,20,19.23%
9440,Christel House DORS West,,,,***,***,***,28,14,50.00%,17,2,11.76%,***,***,***,,,,10,2,20.00%,26,6,23.08%,25,10,40.00%,57,18,31.58%,***,***,***,37,18,48.65%,22,0,0.00%,37,8,21.62%,25,10,40.00%,62,18,29.03%
9445,Charles A Tindley Accelerated Sch,,,,,,,37,34,91.89%,,,,,,,,,,***,***,***,22,21,95.45%,15,14,93.33%,35,34,97.14%,***,***,***,37,35,94.59%,,,,26,26,100.00%,12,9,75.00%,38,35,92.11%
9460,Thea Bowman Leadership Academy,,,,,,,100,90,90.00%,***,***,***,***,***,***,,,,,,,23,23,100.00%,77,69,89.61%,89,84,94.38%,12,9,75.00%,101,93,92.08%,,,,57,52,91.23%,47,41,87.23%,104,93,89.42%
9535,Gary Lighthouse Charter School,,,,,,,97,95,97.94%,13,13,100.00%,***,***,***,,,,***,***,***,,,,113,112,99.12%,97,96,98.97%,16,16,100.00%,111,110,99.10%,***,***,***,65,64,98.46%,49,48,97.96%,114,112,98.25%
9545,21st Century Charter Sch of Gary,,,,,,,44,39,88.64%,***,***,***,***,***,***,,,,,,,10,9,90.00%,35,32,91.43%,41,37,90.24%,***,***,***,45,41,91.11%,,,,26,25,96.15%,20,16,80.00%,46,41,89.13%
9575,Indpls Lighthouse Charter School,,,,,,,49,48,97.96%,***,***,***,***,***,***,,,,12,12,100.00%,,,,72,71,98.61%,68,67,98.53%,***,***,***,73,72,98.63%,,,,47,46,97.87%,26,26,100.00%,73,72,98.63%
9620,Burris Laboratory School,,,,,,,***,***,***,***,***,***,***,***,***,,,,34,34,100.00%,30,30,100.00%,11,11,100.00%,32,32,100.00%,***,***,***,41,41,100.00%,,,,18,18,100.00%,23,23,100.00%,41,41,100.00%
9625,Indiana Academy for Sci Math Hmn,,,,25,25,100.00%,***,***,***,***,***,***,***,***,***,,,,117,113,96.58%,126,126,100.00%,21,21,100.00%,145,145,100.00%,***,***,***,147,147,100.00%,,,,95,95,100.00%,56,52,92.86%,151,147,97.35%
9630,Carpe Diem - Shadeland,,,,,,,***,***,***,,,,,,,,,,,,,***,***,***,***,***,***,***,***,***,,,,***,***,***,,,,***,***,***,***,***,***,***,***,***
9640,Options Charter School Noblesville,,,,,,,***,***,***,***,***,***,***,***,***,,,,57,26,45.61%,46,22,47.83%,16,7,43.75%,45,25,55.56%,19,5,26.32%,64,30,46.88%,,,,30,20,66.67%,36,10,27.78%,66,30,45.45%
9650,Herron Charter,,,,***,***,***,46,43,93.48%,***,***,***,14,12,85.71%,,,,99,97,97.98%,109,106,97.25%,58,55,94.83%,144,138,95.83%,24,23,95.83%,168,161,95.83%,,,,99,96,96.97%,69,65,94.20%,168,161,95.83%
9655,Hope Academy,***,***,***,,,,***,***,***,,,,***,***,***,,,,16,10,62.50%,10,7,70.00%,***,***,***,17,11,64.71%,***,***,***,19,11,57.89%,,,,13,8,61.54%,***,***,***,19,11,57.89%
9670,Indianapolis Metropolitan High Sch,,,,,,,44,17,38.64%,***,***,***,***,***,***,,,,***,***,***,***,***,***,38,15,39.47%,43,19,44.19%,***,***,***,51,20,39.22%,***,***,***,27,9,33.33%,28,12,42.86%,55,21,38.18%
9705,Hammond Academy of Science & Tech,,,,,,,15,15,100.00%,33,33,100.00%,***,***,***,,,,16,15,93.75%,35,34,97.14%,31,31,100.00%,64,63,98.44%,***,***,***,65,64,98.46%,***,***,***,35,35,100.00%,32,31,96.88%,67,66,98.51%
9710,Carpe Diem - Northwest,,,,,,,10,4,40.00%,,,,***,***,***,,,,***,***,***,***,***,***,***,***,***,12,6,50.00%,***,***,***,15,7,46.67%,,,,***,***,***,***,***,***,15,7,46.67%
9730,Neighbors' New Vistas High School,,,,,,,20,4,20.00%,14,2,14.29%,***,***,***,,,,55,17,30.91%,30,9,30.00%,39,11,28.21%,73,23,31.51%,11,1,9.09%,84,24,28.57%,,,,40,12,30.00%,53,12,22.64%,93,24,25.81%
9750,Excel Center - Anderson,,,,,,,23,5,21.74%,46,2,4.35%,***,***,***,,,,92,22,23.91%,22,7,31.82%,89,23,25.84%,138,29,21.01%,11,1,9.09%,119,30,25.21%,30,0,0.00%,102,19,18.63%,65,11,16.92%,167,30,17.96%
9755,Carpe Diem - Meridian Campus,,,,,,,12,3,25.00%,,,,***,***,***,,,,***,***,***,***,***,***,13,4,30.77%,10,5,50.00%,***,***,***,17,7,41.18%,,,,12,3,25.00%,10,4,40.00%,22,7,31.82%
9760,Smith Academy for Excellence,,,,***,***,***,***,***,***,,,,***,***,***,,,,***,***,***,***,***,***,***,***,***,***,***,***,***,***,***,***,***,***,,,,,,,***,***,***,***,***,***
9790,Anderson Preparatory Academy,,,,***,***,***,***,***,***,***,***,***,***,***,***,,,,36,32,88.89%,32,31,96.88%,18,16,88.89%,43,42,97.67%,***,***,***,50,47,94.00%,,,,28,27,96.43%,24,20,83.33%,52,47,90.38%
9805,Hoosier Academy - Indianapolis,,,,,,,***,***,***,,,,,,,***,***,***,16,11,68.75%,14,12,85.71%,***,***,***,11,8,72.73%,***,***,***,17,13,76.47%,,,,***,***,***,12,8,66.67%,19,13,68.42%
9840,Excel Center - University Heights,,,,47,9,19.15%,27,2,7.41%,21,4,19.05%,***,***,***,***,***,***,93,26,27.96%,44,9,20.45%,127,31,24.41%,168,40,23.81%,24,2,8.33%,144,39,27.08%,48,3,6.25%,114,28,24.56%,79,14,17.72%,193,42,21.76%
9855,Excel Center - Noblesville,,,,***,***,***,***,***,***,14,4,28.57%,***,***,***,,,,68,21,30.88%,38,13,34.21%,36,11,30.56%,79,25,31.65%,11,2,18.18%,79,25,31.65%,11,2,18.18%,51,13,25.49%,40,14,35.00%,91,27,29.67%
9865,Hoosier Acad Virtual Charter,***,***,***,***,***,***,36,7,19.44%,25,4,16.00%,23,5,21.74%,,,,414,101,24.40%,226,74,32.74%,142,41,28.87%,350,106,30.29%,42,10,23.81%,390,116,29.74%,***,***,***,299,70,23.41%,207,48,23.19%,506,118,23.32%
9875,Rock Creek Community Academy,,,,,,,10,10,100.00%,,,,***,***,***,,,,25,24,96.00%,31,31,100.00%,***,***,***,33,33,100.00%,***,***,***,38,38,100.00%,,,,17,16,94.12%,22,22,100.00%,39,38,97.44%
9880,Career Academy High School,***,***,***,,,,10,10,100.00%,***,***,***,***,***,***,,,,29,27,93.10%,26,24,92.31%,25,23,92.00%,37,37,100.00%,14,10,71.43%,50,47,94.00%,***,***,***,20,19,95.00%,31,28,90.32%,51,47,92.16%
9885,Gary Middle College,,,,,,,89,34,38.20%,***,***,***,***,***,***,,,,,,,***,***,***,62,35,56.45%,67,36,53.73%,***,***,***,75,38,50.67%,,,,57,25,43.86%,39,13,33.33%,96,38,39.58%
9890,Indiana Virtual School,***,***,***,***,***,***,178,9,5.06%,121,5,4.13%,49,4,8.16%,***,***,***,618,42,6.80%,174,18,10.34%,616,38,6.17%,914,59,6.50%,65,2,3.08%,944,61,6.46%,35,0,0.00%,605,48,7.93%,380,15,3.95%,985,63,6.40%
9895,IN Math & Science Academy - North,,,,,,,11,11,100.00%,***,***,***,,,,,,,***,***,***,13,13,100.00%,***,***,***,17,17,100.00%,***,***,***,18,18,100.00%,,,,11,11,100.00%,***,***,***,18,18,100.00%
9900,Excel Center - South Bend,,,,,,,40,5,12.50%,16,4,25.00%,***,***,***,,,,23,6,26.09%,14,6,42.86%,42,6,14.29%,78,14,17.95%,***,***,***,72,13,18.06%,***,***,***,64,12,18.75%,19,3,15.79%,83,15,18.07%
9905,Indiana Connections Academy,,,,10,8,80.00%,40,12,30.00%,48,29,60.42%,39,17,43.59%,,,,722,359,49.72%,435,297,68.28%,251,120,47.81%,665,385,57.89%,85,40,47.06%,746,423,56.70%,***,***,***,496,263,53.02%,363,162,44.63%,859,425,49.48%
9910,Excel Center for Adult Learners,***,***,***,24,2,8.33%,312,66,21.15%,82,23,28.05%,22,6,27.27%,***,***,***,92,27,29.35%,58,20,34.48%,325,102,31.38%,434,122,28.11%,41,4,9.76%,415,109,26.27%,60,17,28.33%,338,99,29.29%,197,27,13.71%,535,126,23.55%
9915,Marion Academy,,,,,,,26,2,7.69%,***,***,***,***,***,***,,,,***,***,***,***,***,***,***,***,***,17,2,11.76%,***,***,***,22,3,13.64%,***,***,***,***,***,***,32,2,6.25%,39,3,7.69%
9920,Damar Charter Academy,,,,,,,***,***,***,,,,,,,,,,22,3,13.64%,***,***,***,***,***,***,,,,14,3,21.43%,14,3,21.43%,,,,11,2,18.18%,13,1,7.69%,24,3,12.50%
9930,Nexus Academy of Indianapolis,,,,***,***,***,22,18,81.82%,***,***,***,***,***,***,,,,14,13,92.86%,24,21,87.50%,17,15,88.24%,38,33,86.84%,***,***,***,42,37,88.10%,,,,24,22,91.67%,19,15,78.95%,43,37,86.05%
9950,Dugger Union Community School Corp,,,,,,,,,,,,,,,,,,,34,24,70.59%,18,11,61.11%,15,13,86.67%,31,22,70.97%,***,***,***,34,24,70.59%,,,,15,13,86.67%,19,11,57.89%,34,24,70.59%
9995,Excel Center - Shelbyville,***,***,***,,,,,,,***,***,***,,,,,,,***,***,***,***,***,***,***,***,***,***,***,***,***,***,***,***,***,***,,,,***,***,***,***,***,***,***,***,***
-999,Independent Non-Public Schools,***,***,***,65,55,84.62%,142,73,51.41%,89,57,64.04%,66,38,57.58%,***,***,***,1081,871,80.57%,910,836,91.87%,367,211,57.49%,1303,1049,80.51%,64,44,68.75%,1344,1081,80.43%,23,12,52.17%,721,569,78.92%,724,527,72.79%,1445,1096,75.85%
"***Due to federal privacy laws, student performance data may not be displayed for any group of fewer than 10 students",,,,,,,,,,,,,,,,,,,,,,,,,,,,,,,,,,,,,,,,,,,,,,,,,
