,,American Indian,,,Asian,,,Black,,,Hispanic,,,Multiracial,,,Native Hawaiian or Other Pacific Islander,,,White,,,Paid meals,,,Free/Reduced price meals,,,General Education,,,Special Education,,,Non-English Language Learner,,,English Language Learner,,,Female,,,Male,,,Total,,
Corp ID,Corporation Name,Cohort Count,Graduates,Grad Rate,Cohort Count,Graduates,Grad Rate,Cohort Count,Graduates,Grad Rate,Cohort Count,Graduates,Grad Rate,Cohort Count,Graduates,Grad Rate,Cohort Count,Graduates,Grad Rate,Cohort Count,Graduates,Grad Rate,Cohort Count,Graduates,Grad Rate,Cohort Count,Graduates,Grad Rate,Cohort Count,Graduates,Grad Rate,Cohort Count,Graduates,Grad Rate,Cohort Count,Graduates,Grad Rate,Cohort Count,Graduates,Grad Rate,Cohort Count,Graduates,Grad Rate,Cohort Count,Graduates,Grad Rate,Cohort Count,Graduates,Grad Rate
0015,Adams Central Community Schools,***,***,***,***,***,***,,,,***,***,***,,,,,,,91,86,94.5%,75,73,97.3%,18,15,83.3%,81,80,98.8%,12,8,66.7%,92,88,95.7%,***,***,***,49,47,95.9%,46,43,93.5%,95,90,94.7%
0025,North Adams Community Schools,,,,***,***,***,***,***,***,20,17,85.0%,***,***,***,,,,137,127,92.7%,117,112,95.7%,42,37,88.1%,148,143,96.6%,11,6,54.5%,159,149,93.7%,***,***,***,83,79,95.2%,79,70,88.6%,162,149,92.0%
0035,South Adams Schools,,,,***,***,***,***,***,***,***,***,***,***,***,***,,,,81,76,93.8%,61,58,95.1%,24,24,100.0%,77,75,97.4%,***,***,***,83,80,96.4%,***,***,***,47,44,93.6%,41,39,95.1%,88,83,94.3%
0125,M S D Southwest Allen County Schls,,,,26,26,100.0%,25,21,84.0%,26,23,88.5%,18,16,88.9%,,,,469,449,95.7%,509,488,95.9%,53,47,88.7%,500,489,97.8%,62,46,74.2%,560,533,95.2%,***,***,***,283,272,96.1%,281,263,93.6%,564,535,94.9%
0225,Northwest Allen County Schools,***,***,***,12,12,100.0%,15,14,93.3%,18,18,100.0%,20,18,90.0%,,,,448,432,96.4%,434,420,96.8%,79,75,94.9%,476,465,97.7%,37,30,81.1%,507,489,96.4%,***,***,***,236,233,98.7%,280,264,94.3%,516,497,96.3%
0235,Fort Wayne Community Schools,10,9,90.0%,87,75,86.2%,486,403,82.9%,259,221,85.3%,94,83,88.3%,***,***,***,992,883,89.0%,749,704,94.0%,1127,963,85.4%,1583,1466,92.6%,297,201,67.7%,1771,1576,89.0%,109,91,83.5%,949,840,88.5%,980,834,85.1%,1929,1674,86.8%
0255,East Allen County Schools,***,***,***,53,40,75.5%,95,79,83.2%,26,25,96.2%,26,21,80.8%,,,,545,497,91.2%,479,455,95.0%,250,207,82.8%,670,632,94.3%,60,31,51.7%,694,635,91.5%,36,28,77.8%,381,349,91.6%,365,314,86.0%,746,663,88.9%
0365,Bartholomew Con School Corp,12,12,100.0%,19,19,100.0%,19,16,84.2%,49,41,83.7%,36,34,94.4%,,,,742,680,91.6%,637,612,96.1%,227,190,83.7%,771,736,95.5%,93,66,71.0%,845,785,92.9%,19,17,89.5%,412,390,94.7%,465,412,88.6%,877,802,91.4%
0370,Flat Rock-Hawcreek School Corp,,,,***,***,***,,,,***,***,***,***,***,***,,,,56,52,92.9%,48,47,97.9%,10,8,80.0%,52,50,96.2%,***,***,***,58,55,94.8%,,,,27,26,96.3%,32,29,90.6%,59,55,93.2%
0395,Benton Community School Corp,,,,,,,***,***,***,11,10,90.9%,***,***,***,***,***,***,118,109,92.4%,79,76,96.2%,49,46,93.9%,96,92,95.8%,32,30,93.8%,122,117,95.9%,***,***,***,68,63,92.6%,65,60,92.3%,133,123,92.5%
0515,Blackford County Schools,,,,,,,,,,***,***,***,***,***,***,,,,121,114,94.2%,81,76,93.8%,42,40,95.2%,113,109,96.5%,10,7,70.0%,122,115,94.3%,***,***,***,64,61,95.3%,61,57,93.4%,125,118,94.4%
0615,Western Boone Co Com Sch Dist,***,***,***,,,,,,,***,***,***,***,***,***,,,,126,124,98.4%,92,92,100.0%,37,36,97.3%,118,118,100.0%,12,10,83.3%,130,128,98.5%,***,***,***,59,59,100.0%,71,69,97.2%,130,128,98.5%
0630,Zionsville Community Schools,***,***,***,10,10,100.0%,***,***,***,17,17,100.0%,14,13,92.9%,,,,374,367,98.1%,402,395,98.3%,16,15,93.8%,369,368,99.7%,49,42,85.7%,417,409,98.1%,***,***,***,214,213,99.5%,205,198,96.6%,419,411,98.1%
0665,Lebanon Community School Corp,***,***,***,***,***,***,***,***,***,11,11,100.0%,***,***,***,,,,201,190,94.5%,157,152,96.8%,62,57,91.9%,185,180,97.3%,35,29,82.9%,220,209,95.0%,,,,124,120,96.8%,96,89,92.7%,220,209,95.0%
0670,Brown County School Corporation,***,***,***,***,***,***,,,,***,***,***,***,***,***,,,,137,123,89.8%,81,75,92.6%,57,52,91.2%,105,99,94.3%,34,28,82.4%,139,127,91.4%,,,,69,62,89.9%,73,66,90.4%,142,128,90.1%
0750,Carroll Consolidated Sch Corp,***,***,***,,,,,,,***,***,***,,,,,,,81,75,92.6%,59,57,96.6%,26,22,84.6%,77,74,96.1%,***,***,***,85,79,92.9%,,,,41,35,85.4%,45,44,97.8%,86,79,91.9%
0755,Delphi Community School Corp,,,,,,,,,,***,***,***,,,,,,,101,96,95.0%,58,57,98.3%,51,48,94.1%,97,95,97.9%,13,10,76.9%,106,101,95.3%,***,***,***,53,53,100.0%,57,52,91.2%,110,105,95.5%
0775,Pioneer Regional School Corp,,,,,,,,,,***,***,***,,,,,,,52,44,84.6%,40,34,85.0%,13,11,84.6%,47,41,87.2%,***,***,***,54,45,83.3%,***,***,***,34,30,88.2%,20,15,75.0%,54,45,83.3%
0815,Southeastern School Corp,,,,***,***,***,,,,***,***,***,***,***,***,,,,100,96,96.0%,79,77,97.5%,28,25,89.3%,103,99,96.1%,***,***,***,106,101,95.3%,***,***,***,55,54,98.2%,54,48,88.9%,109,102,93.6%
0875,Logansport Community Sch Corp,***,***,***,***,***,***,***,***,***,80,76,95.0%,***,***,***,,,,179,166,92.7%,157,149,94.9%,116,107,92.2%,245,237,96.7%,28,19,67.9%,227,214,94.3%,46,42,91.3%,145,136,93.8%,128,120,93.8%,273,256,93.8%
0940,West Clark Community Schools,,,,***,***,***,***,***,***,***,***,***,***,***,***,***,***,***,337,315,93.5%,233,230,98.7%,102,95,93.1%,300,296,98.7%,35,29,82.9%,335,325,97.0%,,,,166,157,94.6%,190,172,90.5%,356,329,92.4%
1000,Clarksville Com School Corp,,,,,,,***,***,***,***,***,***,***,***,***,,,,60,58,96.7%,37,37,100.0%,43,39,90.7%,75,75,100.0%,***,***,***,77,73,94.8%,***,***,***,40,40,100.0%,40,36,90.0%,80,76,95.0%
1010,Greater Clark County Schools,,,,***,***,***,79,70,88.6%,48,47,97.9%,47,46,97.9%,***,***,***,543,500,92.1%,399,385,96.5%,308,279,90.6%,582,568,97.6%,126,96,76.2%,694,652,93.9%,14,12,85.7%,358,335,93.6%,362,331,91.4%,720,666,92.5%
1125,Clay Community Schools,***,***,***,***,***,***,,,,***,***,***,***,***,***,,,,279,260,93.2%,191,186,97.4%,99,85,85.9%,255,245,96.1%,36,26,72.2%,291,271,93.1%,***,***,***,142,134,94.4%,150,138,92.0%,292,272,93.2%
1150,Clinton Central School Corp,,,,,,,,,,***,***,***,,,,,,,89,85,95.5%,63,60,95.2%,26,26,100.0%,71,69,97.2%,18,17,94.4%,89,86,96.6%,,,,49,46,93.9%,41,40,97.6%,90,86,95.6%
1160,Clinton Prairie School Corp,***,***,***,,,,,,,***,***,***,,,,,,,55,50,90.9%,49,48,98.0%,***,***,***,46,46,100.0%,***,***,***,54,52,96.3%,,,,27,22,81.5%,30,30,100.0%,57,52,91.2%
1170,Community Schools of Frankfort,,,,***,***,***,***,***,***,66,62,93.9%,***,***,***,,,,119,105,88.2%,75,69,92.0%,115,103,89.6%,166,156,94.0%,25,17,68.0%,160,146,91.3%,31,27,87.1%,97,90,92.8%,96,83,86.5%,193,173,89.6%
1180,Rossville Con School District,,,,***,***,***,***,***,***,***,***,***,***,***,***,,,,72,67,93.1%,66,64,97.0%,***,***,***,69,68,98.6%,***,***,***,74,71,95.9%,***,***,***,39,37,94.9%,37,34,91.9%,76,71,93.4%
1300,Crawford Co Com School Corp,,,,***,***,***,***,***,***,***,***,***,***,***,***,,,,116,106,91.4%,59,57,96.6%,58,53,91.4%,98,97,99.0%,19,13,68.4%,117,110,94.0%,***,***,***,52,51,98.1%,68,59,86.8%,120,110,91.7%
1315,Barr-Reeve Com Schools Inc,,,,***,***,***,,,,,,,,,,,,,53,53,100.0%,48,48,100.0%,***,***,***,49,49,100.0%,***,***,***,54,54,100.0%,,,,28,28,100.0%,26,26,100.0%,54,54,100.0%
1375,North Daviess Com Schools,,,,,,,,,,,,,***,***,***,,,,65,64,98.5%,45,43,95.6%,21,21,100.0%,56,55,98.2%,10,9,90.0%,66,64,97.0%,,,,33,33,100.0%,34,32,94.1%,67,65,97.0%
1405,Washington Com Schools,***,***,***,***,***,***,***,***,***,14,14,100.0%,***,***,***,,,,129,126,97.7%,89,88,98.9%,67,65,97.0%,134,133,99.3%,22,20,90.9%,150,147,98.0%,***,***,***,75,74,98.7%,83,81,97.6%,158,155,98.1%
1560,Sunman-Dearborn Com Sch Corp,***,***,***,***,***,***,***,***,***,***,***,***,***,***,***,,,,295,279,94.6%,254,247,97.2%,37,34,91.9%,260,256,98.5%,33,26,78.8%,292,281,96.2%,***,***,***,163,159,97.5%,137,123,89.8%,300,282,94.0%
1600,South Dearborn Com School Corp,***,***,***,,,,,,,***,***,***,***,***,***,,,,196,178,90.8%,130,123,94.6%,71,60,84.5%,172,168,97.7%,30,15,50.0%,202,183,90.6%,,,,107,101,94.4%,97,83,85.6%,204,184,90.2%
1620,Lawrenceburg Com School Corp,,,,***,***,***,***,***,***,***,***,***,***,***,***,,,,123,121,98.4%,103,103,100.0%,33,32,97.0%,121,121,100.0%,16,14,87.5%,136,134,98.5%,***,***,***,73,73,100.0%,65,63,96.9%,138,136,98.6%
1655,Decatur County Com Schools,***,***,***,***,***,***,***,***,***,***,***,***,***,***,***,,,,147,135,91.8%,92,91,98.9%,60,49,81.7%,121,117,96.7%,31,23,74.2%,152,140,92.1%,***,***,***,70,67,95.7%,82,73,89.0%,152,140,92.1%
1730,Greensburg Community Schools,,,,***,***,***,,,,***,***,***,***,***,***,,,,141,133,94.3%,90,87,96.7%,55,49,89.1%,132,124,93.9%,14,13,92.9%,146,137,93.8%,,,,75,71,94.7%,71,66,93.0%,146,137,93.8%
1805,DeKalb Co Eastern Com Sch Dist,***,***,***,***,***,***,***,***,***,***,***,***,***,***,***,,,,112,103,92.0%,75,69,92.0%,48,46,95.8%,100,97,97.0%,23,18,78.3%,122,115,94.3%,***,***,***,56,52,92.9%,71,64,90.1%,127,116,91.3%
1820,Garrett-Keyser-Butler Com,***,***,***,***,***,***,***,***,***,***,***,***,***,***,***,,,,133,120,90.2%,81,78,96.3%,60,53,88.3%,122,117,95.9%,19,14,73.7%,141,131,92.9%,,,,86,78,90.7%,61,54,88.5%,147,132,89.8%
1835,DeKalb Co Ctl United Sch Dist,,,,***,***,***,,,,***,***,***,***,***,***,,,,309,283,91.6%,230,221,96.1%,89,74,83.1%,289,281,97.2%,31,14,45.2%,318,293,92.1%,***,***,***,133,128,96.2%,190,167,87.9%,323,295,91.3%
1875,Delaware Community School Corp,***,***,***,***,***,***,***,***,***,***,***,***,***,***,***,,,,181,176,97.2%,126,125,99.2%,59,56,94.9%,159,157,98.7%,26,24,92.3%,184,180,97.8%,***,***,***,95,93,97.9%,92,88,95.7%,187,181,96.8%
1885,Wes-Del Community Schools,,,,,,,,,,,,,***,***,***,,,,66,62,93.9%,48,47,97.9%,17,16,94.1%,62,60,96.8%,***,***,***,65,63,96.9%,,,,33,32,97.0%,34,31,91.2%,67,63,94.0%
1895,Liberty-Perry Com School Corp,,,,***,***,***,,,,***,***,***,,,,,,,83,79,95.2%,50,48,96.0%,33,32,97.0%,79,78,98.7%,***,***,***,83,80,96.4%,***,***,***,51,49,96.1%,33,31,93.9%,84,80,95.2%
1900,Cowan Community School Corp,,,,,,,,,,***,***,***,,,,,,,57,57,100.0%,48,48,100.0%,10,10,100.0%,51,51,100.0%,***,***,***,58,58,100.0%,,,,22,22,100.0%,36,36,100.0%,58,58,100.0%
1910,Yorktown Community Schools,***,***,***,***,***,***,***,***,***,***,***,***,***,***,***,,,,171,166,97.1%,136,133,97.8%,58,56,96.6%,176,175,99.4%,19,14,73.7%,195,189,96.9%,***,***,***,105,103,98.1%,90,86,95.6%,195,189,96.9%
1940,Daleville Community Schools,,,,***,***,***,***,***,***,,,,***,***,***,,,,45,43,95.6%,33,33,100.0%,14,12,85.7%,43,41,95.3%,***,***,***,47,45,95.7%,,,,25,24,96.0%,22,21,95.5%,47,45,95.7%
1970,Muncie Community Schools,***,***,***,***,***,***,57,49,86.0%,***,***,***,32,28,87.5%,***,***,***,216,189,87.5%,137,123,89.8%,176,155,88.1%,254,245,96.5%,59,33,55.9%,312,277,88.8%,***,***,***,168,154,91.7%,150,125,83.3%,318,279,87.7%
2040,Northeast Dubois Co Sch Corp,,,,***,***,***,,,,,,,,,,,,,74,72,97.3%,64,63,98.4%,11,10,90.9%,62,61,98.4%,13,12,92.3%,75,73,97.3%,,,,36,34,94.4%,39,39,100.0%,75,73,97.3%
2100,Southeast Dubois Co Sch Corp,,,,,,,,,,***,***,***,,,,,,,94,91,96.8%,80,77,96.3%,15,15,100.0%,89,88,98.9%,***,***,***,95,92,96.8%,,,,53,51,96.2%,42,41,97.6%,95,92,96.8%
2110,Southwest Dubois Co Sch Corp,,,,***,***,***,,,,26,26,100.0%,***,***,***,,,,110,97,88.2%,85,77,90.6%,51,46,90.2%,128,118,92.2%,***,***,***,127,114,89.8%,***,***,***,76,69,90.8%,61,54,88.5%,137,123,89.8%
2120,Greater Jasper Con Schs,***,***,***,***,***,***,***,***,***,17,15,88.2%,***,***,***,,,,218,212,97.2%,201,197,98.0%,38,35,92.1%,220,218,99.1%,19,14,73.7%,236,229,97.0%,***,***,***,104,101,97.1%,136,131,96.3%,240,232,96.7%
2155,Fairfield Community Schools,,,,***,***,***,***,***,***,***,***,***,,,,***,***,***,119,109,91.6%,100,97,97.0%,21,20,95.2%,108,105,97.2%,14,12,85.7%,122,117,95.9%,,,,64,61,95.3%,63,56,88.9%,127,117,92.1%
2260,Baugo Community Schools,***,***,***,***,***,***,***,***,***,11,11,100.0%,***,***,***,,,,118,113,95.8%,101,99,98.0%,39,36,92.3%,126,120,95.2%,15,15,100.0%,140,134,95.7%,***,***,***,74,69,93.2%,67,66,98.5%,141,135,95.7%
2270,Concord Community Schools,,,,***,***,***,34,28,82.4%,81,67,82.7%,38,32,84.2%,,,,216,201,93.1%,208,195,93.8%,153,133,86.9%,319,295,92.5%,44,33,75.0%,336,310,92.3%,27,18,66.7%,193,181,93.8%,180,150,83.3%,373,331,88.7%
2275,Middlebury Community Schools,,,,***,***,***,***,***,***,16,13,81.3%,***,***,***,,,,276,253,91.7%,243,228,93.8%,57,50,87.7%,256,239,93.4%,44,39,88.6%,296,276,93.2%,***,***,***,132,121,91.7%,173,157,90.8%,305,278,91.1%
2285,Wa-Nee Community Schools,,,,***,***,***,***,***,***,13,12,92.3%,***,***,***,,,,176,160,90.9%,143,134,93.7%,53,47,88.7%,160,151,94.4%,38,30,78.9%,194,178,91.8%,***,***,***,107,102,95.3%,94,79,84.0%,201,181,90.0%
2305,Elkhart Community Schools,***,***,***,***,***,***,95,74,77.9%,197,169,85.8%,65,59,90.8%,***,***,***,394,358,90.9%,328,304,92.7%,413,361,87.4%,646,595,92.1%,95,70,73.7%,684,621,90.8%,57,44,77.2%,398,353,88.7%,364,318,87.4%,762,671,88.1%
2315,Goshen Community Schools,,,,***,***,***,***,***,***,193,167,86.5%,13,10,76.9%,,,,240,207,86.3%,209,193,92.3%,228,196,86.0%,371,342,92.2%,68,48,70.6%,379,343,90.5%,60,47,78.3%,234,212,90.6%,225,181,80.4%,459,393,85.6%
2395,Fayette County School Corp,***,***,***,***,***,***,***,***,***,***,***,***,10,9,90.0%,,,,231,214,92.6%,129,125,96.9%,109,102,93.6%,223,215,96.4%,16,13,81.3%,239,228,95.4%,,,,139,128,92.1%,108,101,93.5%,247,229,92.7%
2400,New Albany-Floyd Co Con Sch,***,***,***,11,11,100.0%,67,60,89.6%,26,23,88.5%,56,51,91.1%,***,***,***,726,680,93.7%,594,571,96.1%,283,249,88.0%,771,729,94.6%,106,91,85.8%,865,809,93.5%,12,11,91.7%,454,426,93.8%,433,400,92.4%,887,826,93.1%
2435,Attica Consolidated School Corp,,,,***,***,***,,,,***,***,***,***,***,***,,,,65,64,98.5%,42,42,100.0%,26,25,96.2%,63,62,98.4%,***,***,***,68,67,98.5%,,,,34,34,100.0%,34,33,97.1%,68,67,98.5%
2440,Covington Community Sch Corp,,,,***,***,***,***,***,***,***,***,***,***,***,***,,,,68,64,94.1%,48,46,95.8%,21,21,100.0%,64,63,98.4%,***,***,***,69,67,97.1%,,,,38,37,97.4%,33,30,90.9%,71,67,94.4%
2455,Southeast Fountain School Corp,***,***,***,,,,,,,***,***,***,,,,,,,88,82,93.2%,53,50,94.3%,36,35,97.2%,78,76,97.4%,11,9,81.8%,89,85,95.5%,,,,45,41,91.1%,47,44,93.6%,92,85,92.4%
2475,Franklin County Com Sch Corp,,,,,,,,,,***,***,***,***,***,***,,,,196,183,93.4%,130,129,99.2%,62,58,93.5%,174,170,97.7%,18,17,94.4%,192,187,97.4%,,,,101,95,94.1%,99,92,92.9%,200,187,93.5%
2645,Rochester Community Sch Corp,,,,***,***,***,,,,***,***,***,***,***,***,***,***,***,112,108,96.4%,78,77,98.7%,42,39,92.9%,105,104,99.0%,15,12,80.0%,119,115,96.6%,***,***,***,51,50,98.0%,70,66,94.3%,121,116,95.9%
2650,Caston School Corporation,,,,,,,,,,***,***,***,***,***,***,,,,80,73,91.3%,54,50,92.6%,27,26,96.3%,72,68,94.4%,***,***,***,81,76,93.8%,,,,32,31,96.9%,51,45,88.2%,83,76,91.6%
2725,East Gibson School Corporation,,,,***,***,***,***,***,***,***,***,***,***,***,***,,,,67,53,79.1%,43,40,93.0%,17,14,82.4%,49,44,89.8%,11,10,90.9%,60,54,90.0%,,,,33,26,78.8%,37,28,75.7%,70,54,77.1%
2735,North Gibson School Corp,***,***,***,***,***,***,***,***,***,***,***,***,***,***,***,,,,111,104,93.7%,94,91,96.8%,27,23,85.2%,104,101,97.1%,17,13,76.5%,121,114,94.2%,,,,64,63,98.4%,57,51,89.5%,121,114,94.2%
2765,South Gibson School Corp,,,,***,***,***,,,,***,***,***,***,***,***,,,,156,146,93.6%,132,128,97.0%,25,21,84.0%,138,134,97.1%,19,15,78.9%,157,149,94.9%,,,,97,93,95.9%,64,57,89.1%,161,150,93.2%
2815,Eastbrook Community Sch Corp,,,,***,***,***,***,***,***,***,***,***,***,***,***,,,,128,118,92.2%,101,98,97.0%,25,23,92.0%,113,109,96.5%,14,13,92.9%,127,122,96.1%,,,,63,60,95.2%,72,64,88.9%,135,124,91.9%
2825,Madison-Grant United Sch Corp,,,,***,***,***,,,,***,***,***,***,***,***,,,,91,88,96.7%,56,56,100.0%,35,35,100.0%,85,85,100.0%,***,***,***,91,91,100.0%,,,,45,43,95.6%,49,48,98.0%,94,91,96.8%
2855,Mississinewa Community School Corp,,,,***,***,***,***,***,***,***,***,***,***,***,***,,,,162,159,98.1%,87,87,100.0%,85,82,96.5%,151,150,99.3%,21,19,90.5%,172,169,98.3%,,,,88,87,98.9%,85,82,96.5%,173,169,97.7%
2865,Marion Community Schools,,,,***,***,***,46,43,93.5%,19,19,100.0%,37,34,91.9%,,,,153,148,96.7%,116,114,98.3%,140,134,95.7%,219,217,99.1%,37,31,83.8%,248,240,96.8%,***,***,***,142,136,95.8%,121,116,95.9%,263,252,95.8%
2920,Bloomfield School District,,,,,,,,,,***,***,***,***,***,***,,,,54,51,94.4%,40,40,100.0%,18,15,83.3%,49,49,100.0%,***,***,***,58,55,94.8%,***,***,***,29,27,93.1%,29,28,96.6%,58,55,94.8%
2940,Eastern Greene Schools,,,,***,***,***,,,,***,***,***,***,***,***,,,,88,84,95.5%,64,62,96.9%,26,25,96.2%,78,75,96.2%,12,12,100.0%,90,87,96.7%,***,***,***,44,42,95.5%,47,45,95.7%,91,87,95.6%
2950,Linton-Stockton School Corp,,,,,,,,,,***,***,***,***,***,***,,,,74,72,97.3%,57,56,98.2%,17,17,100.0%,67,67,100.0%,***,***,***,74,73,98.6%,,,,35,35,100.0%,42,39,92.9%,77,74,96.1%
2960,M S D Shakamak Schools,,,,,,,,,,***,***,***,,,,,,,59,56,94.9%,36,34,94.4%,23,22,95.7%,53,52,98.1%,***,***,***,59,56,94.9%,,,,32,32,100.0%,28,25,89.3%,60,57,95.0%
2980,White River Valley Sch Dist,,,,,,,,,,,,,,,,,,,63,57,90.5%,36,34,94.4%,26,22,84.6%,54,50,92.6%,***,***,***,62,56,90.3%,,,,32,30,93.8%,31,27,87.1%,63,57,90.5%
3005,Hamilton Southeastern Schools,***,***,***,60,56,93.3%,111,100,90.1%,62,57,91.9%,48,43,89.6%,***,***,***,1047,1008,96.3%,1142,1122,98.2%,153,143,93.5%,1175,1157,98.5%,120,108,90.0%,1289,1259,97.7%,***,***,***,671,649,96.7%,662,620,93.7%,1333,1269,95.2%
3025,Hamilton Heights School Corp,,,,***,***,***,,,,***,***,***,***,***,***,,,,162,154,95.1%,132,126,95.5%,32,31,96.9%,142,139,97.9%,22,18,81.8%,163,156,95.7%,***,***,***,77,76,98.7%,89,81,91.0%,166,157,94.6%
3030,Westfield-Washington Schools,,,,***,***,***,***,***,***,25,24,96.0%,17,15,88.2%,,,,376,371,98.7%,363,360,99.2%,68,64,94.1%,385,382,99.2%,46,42,91.3%,421,415,98.6%,10,9,90.0%,205,205,100.0%,229,221,96.5%,434,426,98.2%
3055,Sheridan Community Schools,,,,,,,,,,***,***,***,***,***,***,,,,83,81,97.6%,65,64,98.5%,19,19,100.0%,68,68,100.0%,17,15,88.2%,85,83,97.6%,,,,44,43,97.7%,41,40,97.6%,85,83,97.6%
3060,Carmel Clay Schools,***,***,***,119,116,97.5%,43,38,88.4%,28,24,85.7%,43,41,95.3%,***,***,***,920,898,97.6%,1039,1015,97.7%,116,104,89.7%,1055,1039,98.5%,101,81,80.2%,1141,1109,97.2%,15,11,73.3%,600,588,98.0%,561,537,95.7%,1161,1125,96.9%
3070,Noblesville Schools,***,***,***,11,11,100.0%,20,16,80.0%,30,27,90.0%,14,12,85.7%,***,***,***,555,529,95.3%,498,485,97.4%,123,109,88.6%,533,516,96.8%,89,79,88.8%,609,585,96.1%,13,10,76.9%,304,290,95.4%,328,306,93.3%,632,596,94.3%
3115,Southern Hancock Co Com Sch Corp,***,***,***,***,***,***,,,,***,***,***,***,***,***,,,,238,231,97.1%,217,211,97.2%,32,31,96.9%,219,219,100.0%,30,23,76.7%,249,242,97.2%,,,,122,120,98.4%,128,123,96.1%,250,243,97.2%
3125,Greenfield-Central Com Schools,***,***,***,***,***,***,***,***,***,***,***,***,***,***,***,,,,338,300,88.8%,263,245,93.2%,83,68,81.9%,301,282,93.7%,45,31,68.9%,346,313,90.5%,***,***,***,171,152,88.9%,185,162,87.6%,356,314,88.2%
3135,Mt Vernon Community Sch Corp,,,,***,***,***,13,13,100.0%,11,10,90.9%,10,10,100.0%,,,,223,211,94.6%,203,195,96.1%,53,50,94.3%,225,221,98.2%,31,24,77.4%,255,244,95.7%,***,***,***,125,118,94.4%,133,127,95.5%,258,245,95.0%
3145,Eastern Hancock Co Com Sch Corp,,,,***,***,***,,,,***,***,***,,,,,,,91,87,95.6%,75,71,94.7%,17,17,100.0%,84,80,95.2%,***,***,***,92,88,95.7%,***,***,***,41,40,97.6%,51,48,94.1%,92,88,95.7%
3160,Lanesville Community School Corp,***,***,***,,,,,,,,,,***,***,***,,,,44,44,100.0%,43,43,100.0%,***,***,***,46,46,100.0%,***,***,***,48,48,100.0%,,,,25,25,100.0%,23,23,100.0%,48,48,100.0%
3180,North Harrison Com School Corp,,,,***,***,***,***,***,***,***,***,***,***,***,***,***,***,***,154,147,95.5%,108,105,97.2%,50,48,96.0%,136,133,97.8%,22,20,90.9%,158,153,96.8%,,,,81,76,93.8%,79,77,97.5%,160,153,95.6%
3190,South Harrison Com Schools,***,***,***,***,***,***,***,***,***,***,***,***,***,***,***,,,,208,196,94.2%,141,140,99.3%,74,66,89.2%,197,191,97.0%,19,16,84.2%,216,207,95.8%,***,***,***,94,89,94.7%,125,118,94.4%,219,207,94.5%
3295,North West Hendricks Schools,,,,***,***,***,***,***,***,***,***,***,***,***,***,***,***,***,138,134,97.1%,128,125,97.7%,16,16,100.0%,132,130,98.5%,13,11,84.6%,145,141,97.2%,,,,70,69,98.6%,77,73,94.8%,147,142,96.6%
3305,Brownsburg Community Sch Corp,***,***,***,14,14,100.0%,73,70,95.9%,24,24,100.0%,23,22,95.7%,,,,446,434,97.3%,450,441,98.0%,127,122,96.1%,530,529,99.8%,48,34,70.8%,568,554,97.5%,10,9,90.0%,285,282,98.9%,296,283,95.6%,581,565,97.2%
3315,Avon Community School Corp,***,***,***,31,31,100.0%,85,81,95.3%,47,44,93.6%,35,34,97.1%,***,***,***,498,487,97.8%,535,526,98.3%,161,154,95.7%,634,628,99.1%,63,52,82.5%,685,669,97.7%,12,11,91.7%,363,353,97.2%,336,327,97.3%,699,680,97.3%
3325,Danville Community School Corp,***,***,***,***,***,***,***,***,***,***,***,***,***,***,***,,,,183,175,95.6%,158,155,98.1%,41,36,87.8%,183,176,96.2%,17,15,88.2%,199,190,95.5%,***,***,***,101,98,97.0%,100,93,93.0%,201,191,95.0%
3330,Plainfield Community Sch Corp,,,,14,14,100.0%,***,***,***,13,13,100.0%,***,***,***,***,***,***,328,318,97.0%,290,285,98.3%,72,70,97.2%,331,329,99.4%,32,27,84.4%,356,349,98.0%,***,***,***,195,189,96.9%,171,167,97.7%,366,356,97.3%
3335,Mill Creek Community Sch Corp,,,,***,***,***,,,,,,,***,***,***,,,,103,102,99.0%,83,83,100.0%,22,22,100.0%,97,97,100.0%,***,***,***,105,105,100.0%,,,,43,42,97.7%,63,63,100.0%,106,105,99.1%
3405,Blue River Valley Schools,***,***,***,,,,,,,***,***,***,***,***,***,,,,40,39,97.5%,33,33,100.0%,14,13,92.9%,35,35,100.0%,12,11,91.7%,47,46,97.9%,,,,20,20,100.0%,27,26,96.3%,47,46,97.9%
3415,South Henry School Corp,,,,,,,,,,***,***,***,***,***,***,,,,65,64,98.5%,47,47,100.0%,19,18,94.7%,54,53,98.1%,13,13,100.0%,67,66,98.5%,,,,31,31,100.0%,36,35,97.2%,67,66,98.5%
3435,Shenandoah School Corporation,,,,,,,***,***,***,,,,***,***,***,,,,97,85,87.6%,60,56,93.3%,32,30,93.8%,80,77,96.3%,12,9,75.0%,92,86,93.5%,,,,52,44,84.6%,48,42,87.5%,100,86,86.0%
3445,New Castle Community Sch Corp,***,***,***,,,,,,,***,***,***,17,17,100.0%,,,,233,213,91.4%,138,133,96.4%,120,106,88.3%,208,206,99.0%,50,33,66.0%,256,237,92.6%,***,***,***,131,125,95.4%,128,114,89.1%,259,239,92.3%
3455,C A Beard Memorial School Corp,,,,,,,,,,,,,***,***,***,,,,88,83,94.3%,69,69,100.0%,17,15,88.2%,73,72,98.6%,13,12,92.3%,86,84,97.7%,,,,48,45,93.8%,41,39,95.1%,89,84,94.4%
3460,Taylor Community School Corp,,,,***,***,***,***,***,***,***,***,***,***,***,***,***,***,***,90,73,81.1%,65,60,92.3%,37,28,75.7%,86,76,88.4%,16,12,75.0%,101,88,87.1%,***,***,***,46,43,93.5%,60,45,75.0%,106,88,83.0%
3470,Northwestern School Corp,***,***,***,***,***,***,***,***,***,***,***,***,***,***,***,,,,133,131,98.5%,123,121,98.4%,22,22,100.0%,128,128,100.0%,17,15,88.2%,145,143,98.6%,,,,74,74,100.0%,71,69,97.2%,145,143,98.6%
3480,Eastern Howard School Corporation,,,,***,***,***,***,***,***,***,***,***,,,,,,,106,97,91.5%,91,86,94.5%,21,16,76.2%,99,92,92.9%,13,10,76.9%,112,102,91.1%,,,,47,44,93.6%,67,60,89.6%,114,104,91.2%
3490,Western School Corp,***,***,***,***,***,***,***,***,***,***,***,***,***,***,***,,,,163,158,96.9%,139,136,97.8%,45,43,95.6%,162,162,100.0%,22,17,77.3%,184,179,97.3%,***,***,***,96,92,95.8%,89,87,97.8%,185,179,96.8%
3500,Kokomo School Corporation,,,,13,13,100.0%,63,53,84.1%,13,12,92.3%,41,30,73.2%,***,***,***,319,255,79.9%,221,199,90.0%,208,162,77.9%,357,306,85.7%,73,55,75.3%,414,346,83.6%,16,15,93.8%,248,202,81.5%,203,163,80.3%,451,365,80.9%
3625,Huntington Co Com Sch Corp,***,***,***,***,***,***,***,***,***,***,***,***,***,***,***,,,,379,341,90.0%,254,238,93.7%,142,122,85.9%,340,320,94.1%,57,40,70.2%,396,359,90.7%,***,***,***,207,191,92.3%,192,169,88.0%,399,360,90.2%
3640,Medora Community School Corp,,,,,,,,,,,,,,,,***,***,***,20,19,95.0%,***,***,***,13,13,100.0%,15,15,100.0%,***,***,***,20,20,100.0%,,,,***,***,***,15,14,93.3%,21,20,95.2%
3675,Seymour Community Schools,,,,***,***,***,***,***,***,26,24,92.3%,12,12,100.0%,,,,259,246,95.0%,182,175,96.2%,123,115,93.5%,270,262,97.0%,35,28,80.0%,295,281,95.3%,10,9,90.0%,174,165,94.8%,133,127,95.5%,307,292,95.1%
3695,Brownstown Cnt Com Sch Corp,***,***,***,,,,,,,***,***,***,,,,,,,134,129,96.3%,87,84,96.6%,48,46,95.8%,118,117,99.2%,17,13,76.5%,134,129,96.3%,***,***,***,64,62,96.9%,72,69,95.8%,136,131,96.3%
3710,Crothersville Community Schools,,,,,,,,,,,,,,,,,,,25,21,84.0%,16,14,87.5%,***,***,***,21,18,85.7%,***,***,***,25,21,84.0%,,,,11,9,81.8%,14,12,85.7%,25,21,84.0%
3785,Kankakee Valley School Corp,***,***,***,,,,***,***,***,19,17,89.5%,***,***,***,***,***,***,227,205,90.3%,177,167,94.4%,70,59,84.3%,219,209,95.4%,29,17,58.6%,244,224,91.8%,***,***,***,135,128,94.8%,119,100,84.0%,254,228,89.8%
3815,Rensselaer Central School Corp,,,,,,,***,***,***,***,***,***,***,***,***,,,,124,113,91.1%,93,83,89.2%,38,36,94.7%,104,101,97.1%,27,18,66.7%,131,119,90.8%,,,,54,52,96.3%,77,67,87.0%,131,119,90.8%
3945,Jay School Corp,,,,***,***,***,***,***,***,***,***,***,***,***,***,,,,233,224,96.1%,147,145,98.6%,91,84,92.3%,195,193,99.0%,43,36,83.7%,238,229,96.2%,***,***,***,112,108,96.4%,128,122,95.3%,240,230,95.8%
3995,Madison Consolidated Schools,***,***,***,***,***,***,***,***,***,***,***,***,***,***,***,***,***,***,246,222,90.2%,166,157,94.6%,91,76,83.5%,222,206,92.8%,35,27,77.1%,255,231,90.6%,***,***,***,127,114,89.8%,137,124,90.5%,264,238,90.2%
4000,Southwestern-Jefferson Co Con,,,,***,***,***,***,***,***,***,***,***,***,***,***,***,***,***,92,76,82.6%,59,56,94.9%,29,21,72.4%,77,68,88.3%,11,9,81.8%,88,77,87.5%,,,,50,45,90.0%,43,32,74.4%,93,77,82.8%
4015,Jennings County School Corporation,***,***,***,,,,***,***,***,13,13,100.0%,***,***,***,,,,298,264,88.6%,174,163,93.7%,143,126,88.1%,265,252,95.1%,52,37,71.2%,312,284,91.0%,***,***,***,159,147,92.5%,165,142,86.1%,324,289,89.2%
4145,Clark-Pleasant Com School Corp,,,,24,23,95.8%,10,6,60.0%,***,***,***,10,10,100.0%,,,,325,292,89.8%,235,215,91.5%,135,120,88.9%,318,303,95.3%,52,32,61.5%,366,332,90.7%,***,***,***,186,174,93.5%,190,163,85.8%,376,337,89.6%
4205,Center Grove Com Sch Corp,***,***,***,10,10,100.0%,***,***,***,17,14,82.4%,12,11,91.7%,***,***,***,553,513,92.8%,519,492,94.8%,70,58,82.9%,510,491,96.3%,79,59,74.7%,583,544,93.3%,***,***,***,259,245,94.6%,338,307,90.8%,597,552,92.5%
4215,Edinburgh Community Sch Corp,,,,,,,,,,***,***,***,***,***,***,,,,61,55,90.2%,32,31,96.9%,32,27,84.4%,47,46,97.9%,17,12,70.6%,63,57,90.5%,***,***,***,29,27,93.1%,35,31,88.6%,64,58,90.6%
4225,Franklin Community School Corp,,,,***,***,***,***,***,***,19,16,84.2%,***,***,***,***,***,***,358,335,93.6%,263,253,96.2%,126,114,90.5%,347,335,96.5%,44,32,72.7%,387,365,94.3%,***,***,***,206,192,93.2%,188,175,93.1%,394,367,93.1%
4245,Greenwood Community Sch Corp,,,,***,***,***,***,***,***,10,8,80.0%,***,***,***,***,***,***,211,197,93.4%,165,158,95.8%,71,64,90.1%,214,206,96.3%,25,16,64.0%,229,216,94.3%,10,6,60.0%,116,109,94.0%,126,114,90.5%,242,223,92.1%
4255,Nineveh-Hensley-Jackson United,,,,***,***,***,***,***,***,***,***,***,,,,,,,145,136,93.8%,113,109,96.5%,35,32,91.4%,133,131,98.5%,15,10,66.7%,148,141,95.3%,,,,75,75,100.0%,75,66,88.0%,150,141,94.0%
4315,North Knox School Corp,,,,,,,***,***,***,***,***,***,***,***,***,,,,99,98,99.0%,65,65,100.0%,35,34,97.1%,89,89,100.0%,11,10,90.9%,100,99,99.0%,,,,45,45,100.0%,56,55,98.2%,101,100,99.0%
4325,South Knox School Corp,,,,,,,,,,,,,***,***,***,,,,81,79,97.5%,62,61,98.4%,20,19,95.0%,75,73,97.3%,***,***,***,82,80,97.6%,,,,37,37,100.0%,45,43,95.6%,82,80,97.6%
4335,Vincennes Community Sch Corp,,,,***,***,***,***,***,***,***,***,***,***,***,***,,,,182,175,96.2%,101,101,100.0%,88,85,96.6%,166,165,99.4%,23,21,91.3%,188,185,98.4%,***,***,***,93,91,97.8%,101,95,94.1%,194,186,95.9%
4345,Wawasee Community School Corp,***,***,***,***,***,***,***,***,***,19,16,84.2%,***,***,***,,,,193,175,90.7%,147,135,91.8%,72,64,88.9%,196,182,92.9%,25,17,68.0%,215,195,90.7%,***,***,***,104,93,89.4%,118,106,89.8%,222,199,89.6%
4415,Warsaw Community Schools,***,***,***,***,***,***,***,***,***,90,78,86.7%,***,***,***,,,,414,384,92.8%,322,308,95.7%,190,165,86.8%,446,424,95.1%,67,49,73.1%,481,448,93.1%,32,25,78.1%,240,226,94.2%,282,251,89.0%,522,477,91.4%
4445,Tippecanoe Valley School Corp,***,***,***,***,***,***,***,***,***,15,15,100.0%,***,***,***,,,,135,123,91.1%,91,86,94.5%,63,58,92.1%,131,129,98.5%,23,15,65.2%,153,143,93.5%,***,***,***,75,72,96.0%,81,72,88.9%,156,144,92.3%
4455,Whitko Community School Corp,,,,***,***,***,***,***,***,***,***,***,***,***,***,***,***,***,137,128,93.4%,90,88,97.8%,53,46,86.8%,112,112,100.0%,31,22,71.0%,143,134,93.7%,***,***,***,63,60,95.2%,82,74,90.2%,145,134,92.4%
4515,Prairie Heights Com Sch Corp,***,***,***,***,***,***,,,,***,***,***,***,***,***,,,,112,103,92.0%,87,81,93.1%,37,34,91.9%,105,101,96.2%,19,14,73.7%,124,115,92.7%,***,***,***,56,55,98.2%,68,60,88.2%,124,115,92.7%
4525,Westview School Corporation,,,,***,***,***,,,,***,***,***,***,***,***,,,,80,75,93.8%,58,54,93.1%,27,26,96.3%,79,75,94.9%,***,***,***,83,80,96.4%,***,***,***,53,52,98.1%,34,29,85.3%,87,81,93.1%
4535,Lakeland School Corporation,,,,***,***,***,,,,28,25,89.3%,***,***,***,,,,125,116,92.8%,99,94,94.9%,58,51,87.9%,140,131,93.6%,18,14,77.8%,146,135,92.5%,12,10,83.3%,88,82,93.2%,71,64,90.1%,159,146,91.8%
4580,Hanover Community School Corp,***,***,***,***,***,***,***,***,***,18,17,94.4%,***,***,***,,,,133,129,97.0%,133,129,97.0%,29,27,93.1%,151,148,98.0%,11,8,72.7%,162,156,96.3%,***,***,***,76,73,96.1%,86,83,96.5%,162,156,96.3%
4590,River Forest Community Sch Corp,***,***,***,***,***,***,***,***,***,29,26,89.7%,***,***,***,,,,37,29,78.4%,24,23,95.8%,47,37,78.7%,60,56,93.3%,12,4,33.3%,66,54,81.8%,***,***,***,43,39,90.7%,33,22,66.7%,76,61,80.3%
4600,Merrillville Community School,,,,***,***,***,321,284,88.5%,109,101,92.7%,32,28,87.5%,***,***,***,93,82,88.2%,268,251,93.7%,281,245,87.2%,497,467,94.0%,54,30,55.6%,541,488,90.2%,10,9,90.0%,289,266,92.0%,273,235,86.1%,562,501,89.1%
4615,Lake Central School Corp,***,***,***,22,22,100.0%,44,38,86.4%,114,107,93.9%,33,31,93.9%,,,,548,527,96.2%,637,614,96.4%,124,111,89.5%,670,653,97.5%,92,73,79.3%,753,718,95.4%,***,***,***,390,379,97.2%,375,350,93.3%,765,729,95.3%
4645,Tri-Creek School Corporation,***,***,***,,,,***,***,***,25,25,100.0%,***,***,***,,,,271,269,99.3%,254,252,99.2%,49,49,100.0%,276,276,100.0%,28,26,92.9%,301,299,99.3%,***,***,***,155,155,100.0%,150,148,98.7%,305,303,99.3%
4650,Lake Ridge New Tech Schools,,,,,,,65,58,89.2%,39,36,92.3%,***,***,***,,,,64,52,81.3%,22,20,90.9%,147,132,89.8%,142,131,92.3%,27,21,77.8%,162,147,90.7%,***,***,***,75,64,85.3%,99,88,88.9%,174,152,87.4%
4660,Crown Point Community Sch Corp,***,***,***,16,16,100.0%,10,9,90.0%,77,72,93.5%,16,15,93.8%,,,,508,495,97.4%,530,518,97.7%,97,89,91.8%,561,549,97.9%,67,59,88.1%,623,603,96.8%,***,***,***,325,314,96.6%,305,296,97.0%,630,610,96.8%
4670,School City of East Chicago,,,,,,,98,62,63.3%,122,92,75.4%,***,***,***,,,,***,***,***,30,21,70.0%,184,134,72.8%,173,142,82.1%,42,13,31.0%,198,142,71.7%,17,13,76.5%,116,85,73.3%,109,73,67.0%,225,158,70.2%
4680,Lake Station Community Schools,***,***,***,,,,***,***,***,42,38,90.5%,***,***,***,,,,57,48,84.2%,25,24,96.0%,75,65,86.7%,85,78,91.8%,15,11,73.3%,95,85,89.5%,***,***,***,42,39,92.9%,60,50,83.3%,102,89,87.3%
4690,Gary Community School Corp,***,***,***,,,,348,288,82.8%,***,***,***,***,***,***,,,,***,***,***,102,88,86.3%,249,209,83.9%,306,268,87.6%,49,29,59.2%,355,297,83.7%,***,***,***,184,161,87.5%,180,138,76.7%,364,299,82.1%
4700,Griffith Public Schools,***,***,***,***,***,***,37,32,86.5%,42,38,90.5%,***,***,***,,,,119,109,91.6%,104,97,93.3%,93,85,91.4%,174,165,94.8%,23,17,73.9%,197,182,92.4%,,,,115,109,94.8%,90,77,85.6%,205,186,90.7%
4710,School City of Hammond,***,***,***,***,***,***,278,224,80.6%,438,359,82.0%,19,15,78.9%,***,***,***,164,133,81.1%,189,162,85.7%,686,573,83.5%,759,673,88.7%,121,63,52.1%,795,674,84.8%,85,62,72.9%,450,389,86.4%,458,350,76.4%,908,739,81.4%
4720,School Town of Highland,,,,***,***,***,13,13,100.0%,73,71,97.3%,***,***,***,,,,195,184,94.4%,212,207,97.6%,79,73,92.4%,269,262,97.4%,22,18,81.8%,288,277,96.2%,***,***,***,145,139,95.9%,148,141,95.3%,293,280,95.6%
4730,School City of Hobart,***,***,***,***,***,***,16,15,93.8%,71,65,91.5%,***,***,***,,,,186,172,92.5%,182,167,91.8%,100,93,93.0%,247,234,94.7%,36,27,75.0%,279,258,92.5%,***,***,***,153,144,94.1%,131,118,90.1%,284,262,92.3%
4740,School Town of Munster,,,,30,30,100.0%,19,19,100.0%,66,63,95.5%,15,14,93.3%,,,,266,256,96.2%,336,327,97.3%,59,55,93.2%,364,363,99.7%,31,19,61.3%,391,378,96.7%,***,***,***,195,189,96.9%,201,193,96.0%,396,382,96.5%
4760,School City of Whiting,,,,,,,***,***,***,58,52,89.7%,***,***,***,,,,31,28,90.3%,32,30,93.8%,62,55,88.7%,84,78,92.9%,11,7,63.6%,93,85,91.4%,***,***,***,47,42,89.4%,48,43,89.6%,95,85,89.5%
4805,New Prairie United School Corp,,,,***,***,***,***,***,***,***,***,***,***,***,***,,,,214,200,93.5%,165,157,95.2%,64,60,93.8%,210,204,97.1%,20,13,65.0%,228,215,94.3%,***,***,***,119,113,95.0%,113,104,92.0%,232,217,93.5%
4860,M S D of New Durham Township,***,***,***,,,,***,***,***,***,***,***,***,***,***,,,,68,58,85.3%,45,41,91.1%,26,22,84.6%,60,56,93.3%,11,7,63.6%,71,63,88.7%,,,,31,28,90.3%,42,35,83.3%,73,63,86.3%
4915,Tri-Township Cons School Corp,,,,***,***,***,,,,***,***,***,***,***,***,,,,24,23,95.8%,17,16,94.1%,***,***,***,24,24,100.0%,***,***,***,26,25,96.2%,,,,12,12,100.0%,14,13,92.9%,26,25,96.2%
4925,Michigan City Area Schools,***,***,***,***,***,***,111,97,87.4%,28,27,96.4%,19,18,94.7%,,,,209,187,89.5%,159,153,96.2%,201,177,88.1%,310,300,96.8%,54,32,59.3%,361,329,91.1%,***,***,***,183,174,95.1%,188,159,84.6%,371,333,89.8%
4940,South Central Com School Corp,,,,***,***,***,,,,***,***,***,***,***,***,,,,79,74,93.7%,64,63,98.4%,22,19,86.4%,78,75,96.2%,***,***,***,85,81,95.3%,***,***,***,44,42,95.5%,43,40,93.0%,87,82,94.3%
4945,LaPorte Community School Corp,***,***,***,***,***,***,11,7,63.6%,65,59,90.8%,27,23,85.2%,,,,370,323,87.3%,303,275,90.8%,168,141,83.9%,431,390,90.5%,40,26,65.0%,465,410,88.2%,***,***,***,229,202,88.2%,250,216,86.4%,479,418,87.3%
5075,North Lawrence Com Schools,***,***,***,***,***,***,***,***,***,***,***,***,13,12,92.3%,,,,328,288,87.8%,235,217,92.3%,118,94,79.7%,301,279,92.7%,53,33,62.3%,353,311,88.1%,***,***,***,165,154,93.3%,193,159,82.4%,358,313,87.4%
5085,Mitchell Community Schools,***,***,***,***,***,***,,,,***,***,***,***,***,***,,,,130,115,88.5%,88,85,96.6%,42,34,81.0%,117,108,92.3%,13,11,84.6%,130,119,91.5%,,,,68,65,95.6%,66,54,81.8%,134,119,88.8%
5245,Frankton-Lapel Community Schs,,,,,,,***,***,***,***,***,***,***,***,***,,,,214,203,94.9%,151,147,97.4%,72,65,90.3%,202,197,97.5%,21,15,71.4%,223,212,95.1%,***,***,***,98,94,95.9%,126,119,94.4%,224,213,95.1%
5255,South Madison Com Sch Corp,,,,***,***,***,***,***,***,***,***,***,***,***,***,,,,316,286,90.5%,242,232,95.9%,74,73,98.6%,282,276,97.9%,34,29,85.3%,316,305,96.5%,***,***,***,165,157,95.2%,174,148,85.1%,339,305,90.0%
5265,Alexandria Community School Corp,,,,***,***,***,***,***,***,***,***,***,***,***,***,,,,106,94,88.7%,69,65,94.2%,34,33,97.1%,94,92,97.9%,***,***,***,102,98,96.1%,***,***,***,58,52,89.7%,54,46,85.2%,112,98,87.5%
5275,Anderson Community School Corp,***,***,***,,,,104,93,89.4%,26,23,88.5%,18,17,94.4%,,,,245,220,89.8%,129,118,91.5%,259,231,89.2%,311,300,96.5%,77,49,63.6%,381,342,89.8%,***,***,***,204,189,92.6%,190,164,86.3%,394,353,89.6%
5280,Elwood Community School Corp,,,,,,,,,,***,***,***,***,***,***,,,,86,74,86.0%,45,41,91.1%,43,36,83.7%,76,70,92.1%,12,7,58.3%,87,76,87.4%,***,***,***,38,36,94.7%,52,41,78.8%,90,77,85.6%
5300,M S D Decatur Township,,,,***,***,***,56,48,85.7%,29,25,86.2%,15,15,100.0%,,,,357,311,87.1%,216,195,90.3%,235,205,87.2%,393,361,91.9%,59,39,66.1%,438,390,89.0%,14,10,71.4%,234,222,94.9%,228,182,79.8%,462,404,87.4%
5310,Franklin Township Com Sch Corp,,,,18,17,94.4%,29,29,100.0%,40,39,97.5%,19,18,94.7%,***,***,***,435,422,97.0%,362,355,98.1%,175,167,95.4%,484,477,98.6%,53,45,84.9%,527,513,97.3%,10,9,90.0%,266,261,98.1%,277,266,96.0%,543,527,97.1%
5330,M S D Lawrence Township,***,***,***,18,18,100.0%,463,413,89.2%,139,115,82.7%,76,67,88.2%,***,***,***,400,375,93.8%,559,528,94.5%,519,456,87.9%,959,904,94.3%,120,81,67.5%,1029,947,92.0%,50,38,76.0%,571,542,94.9%,527,448,85.0%,1098,990,90.2%
5340,Perry Township Schools,***,***,***,159,158,99.4%,90,80,88.9%,82,75,91.5%,48,43,89.6%,***,***,***,645,589,91.3%,494,461,93.3%,519,483,93.1%,926,882,95.2%,88,62,70.5%,858,793,92.4%,156,151,96.8%,489,465,95.1%,537,482,89.8%,1026,947,92.3%
5350,M S D Pike Township,***,***,***,18,18,100.0%,457,428,93.7%,108,102,94.4%,49,45,91.8%,,,,71,68,95.8%,279,270,96.8%,419,391,93.3%,606,598,98.7%,93,64,68.8%,661,628,95.0%,38,34,89.5%,369,353,95.7%,335,309,92.2%,704,662,94.0%
5360,M S D Warren Township,***,***,***,***,***,***,425,373,87.8%,95,88,92.6%,52,47,90.4%,,,,269,251,93.3%,312,293,93.9%,521,470,90.2%,731,690,94.4%,106,74,69.8%,796,730,91.7%,41,34,82.9%,421,395,93.8%,428,371,86.7%,849,766,90.2%
5370,M S D Washington Township,***,***,***,30,23,76.7%,324,269,83.0%,98,64,65.3%,48,43,89.6%,,,,334,313,93.7%,454,427,94.1%,348,283,81.3%,718,655,91.2%,87,56,64.4%,740,670,90.5%,65,41,63.1%,422,372,88.2%,413,341,82.6%,835,713,85.4%
5375,M S D Wayne Township,***,***,***,10,9,90.0%,404,344,85.1%,189,175,92.6%,65,60,92.3%,,,,410,337,82.2%,345,286,82.9%,704,630,89.5%,909,812,89.3%,145,106,73.1%,967,843,87.2%,87,75,86.2%,571,499,87.4%,510,427,83.7%,1081,926,85.7%
5380,Beech Grove City Schools,***,***,***,***,***,***,***,***,***,11,9,81.8%,10,9,90.0%,,,,161,146,90.7%,108,103,95.4%,82,70,85.4%,172,161,93.6%,19,13,68.4%,189,172,91.0%,***,***,***,90,85,94.4%,104,89,85.6%,194,174,89.7%
5385,Indianapolis Public Schools,***,***,***,11,8,72.7%,626,464,74.1%,247,177,71.7%,57,46,80.7%,***,***,***,160,98,61.3%,299,223,74.6%,715,560,78.3%,848,700,82.5%,178,86,48.3%,918,710,77.3%,108,76,70.4%,549,427,77.8%,553,367,66.4%,1102,794,72.1%
5400,School Town of Speedway,,,,***,***,***,21,21,100.0%,***,***,***,***,***,***,,,,76,75,98.7%,64,64,100.0%,46,46,100.0%,94,94,100.0%,16,16,100.0%,107,107,100.0%,***,***,***,59,59,100.0%,54,53,98.1%,113,112,99.1%
5455,Culver Community Schools Corp,,,,,,,***,***,***,***,***,***,***,***,***,,,,50,44,88.0%,28,25,89.3%,34,30,88.2%,54,49,90.7%,***,***,***,62,55,88.7%,***,***,***,34,33,97.1%,28,22,78.6%,62,55,88.7%
5470,Argos Community Schools,,,,***,***,***,***,***,***,***,***,***,***,***,***,,,,41,32,78.0%,26,22,84.6%,18,12,66.7%,42,33,78.6%,***,***,***,44,34,77.3%,,,,21,15,71.4%,25,19,76.0%,46,34,73.9%
5480,Bremen Public Schools,,,,***,***,***,***,***,***,17,13,76.5%,***,***,***,,,,106,99,93.4%,96,91,94.8%,31,28,90.3%,113,109,96.5%,14,10,71.4%,124,118,95.2%,***,***,***,72,68,94.4%,58,51,87.9%,130,119,91.5%
5485,Plymouth Community School Corp,***,***,***,***,***,***,***,***,***,49,48,98.0%,***,***,***,,,,222,201,90.5%,152,146,96.1%,123,111,90.2%,247,234,94.7%,30,23,76.7%,265,245,92.5%,12,12,100.0%,147,139,94.6%,136,118,86.8%,283,257,90.8%
5495,Triton School Corporation,,,,,,,,,,***,***,***,***,***,***,,,,77,70,90.9%,54,52,96.3%,24,21,87.5%,70,67,95.7%,***,***,***,79,73,92.4%,***,***,***,40,39,97.5%,41,34,82.9%,81,73,90.1%
5520,Shoals Community School Corp,,,,***,***,***,,,,,,,***,***,***,,,,42,37,88.1%,24,23,95.8%,17,16,94.1%,37,35,94.6%,***,***,***,40,38,95.0%,***,***,***,24,22,91.7%,20,17,85.0%,44,39,88.6%
5525,Loogootee Community Sch Corp,,,,,,,,,,***,***,***,***,***,***,,,,77,74,96.1%,56,53,94.6%,25,24,96.0%,67,65,97.0%,14,12,85.7%,81,77,95.1%,,,,34,33,97.1%,47,44,93.6%,81,77,95.1%
5615,Maconaquah School Corp,***,***,***,***,***,***,***,***,***,***,***,***,***,***,***,,,,117,105,89.7%,82,78,95.1%,51,42,82.4%,115,104,90.4%,18,16,88.9%,132,119,90.2%,***,***,***,73,69,94.5%,62,51,82.3%,135,120,88.9%
5620,North Miami Community Schools,***,***,***,,,,,,,***,***,***,***,***,***,***,***,***,77,64,83.1%,53,48,90.6%,28,22,78.6%,71,61,85.9%,11,9,81.8%,80,68,85.0%,***,***,***,39,31,79.5%,44,39,88.6%,83,70,84.3%
5625,Oak Hill United School Corp,,,,***,***,***,***,***,***,***,***,***,***,***,***,,,,102,98,96.1%,89,87,97.8%,17,16,94.1%,93,92,98.9%,13,11,84.6%,106,103,97.2%,,,,56,56,100.0%,52,47,90.4%,108,103,95.4%
5635,Peru Community Schools,***,***,***,***,***,***,***,***,***,***,***,***,***,***,***,,,,127,124,97.6%,89,87,97.8%,52,50,96.2%,123,123,100.0%,18,14,77.8%,141,137,97.2%,***,***,***,67,67,100.0%,74,70,94.6%,141,137,97.2%
5705,Richland-Bean Blossom C S C,,,,***,***,***,***,***,***,***,***,***,***,***,***,***,***,***,183,171,93.4%,145,139,95.9%,45,41,91.1%,162,156,96.3%,28,24,85.7%,190,180,94.7%,***,***,***,98,93,94.9%,96,89,92.7%,194,182,93.8%
5740,Monroe County Com Sch Corp,***,***,***,34,34,100.0%,31,26,83.9%,31,29,93.5%,42,39,92.9%,***,***,***,650,620,95.4%,587,579,98.6%,195,173,88.7%,684,670,98.0%,100,83,83.0%,772,741,96.0%,12,12,100.0%,404,389,96.3%,392,367,93.6%,796,756,95.0%
5835,North Montgomery Com Sch Corp,,,,,,,***,***,***,***,***,***,***,***,***,,,,141,140,99.3%,108,108,100.0%,37,37,100.0%,134,134,100.0%,12,12,100.0%,146,146,100.0%,,,,71,70,98.6%,76,76,100.0%,147,146,99.3%
5845,South Montgomery Com Sch Corp,***,***,***,***,***,***,,,,***,***,***,***,***,***,,,,113,110,97.3%,84,81,96.4%,33,33,100.0%,100,100,100.0%,17,14,82.4%,117,114,97.4%,,,,65,64,98.5%,52,50,96.2%,117,114,97.4%
5855,Crawfordsville Com Schools,***,***,***,***,***,***,***,***,***,13,12,92.3%,***,***,***,,,,128,124,96.9%,77,77,100.0%,72,69,95.8%,132,131,99.2%,18,15,83.3%,145,142,97.9%,***,***,***,82,81,98.8%,69,65,94.2%,151,146,96.7%
5900,Monroe-Gregg School District,,,,***,***,***,,,,***,***,***,***,***,***,,,,97,81,83.5%,65,63,96.9%,27,22,81.5%,82,77,93.9%,10,8,80.0%,92,85,92.4%,,,,49,42,85.7%,54,43,79.6%,103,85,82.5%
5910,Eminence Community School Corp,,,,,,,,,,***,***,***,,,,,,,38,36,94.7%,29,27,93.1%,***,***,***,34,32,94.1%,***,***,***,38,36,94.7%,***,***,***,22,21,95.5%,16,15,93.8%,38,36,94.7%
5925,M S D Martinsville Schools,***,***,***,***,***,***,***,***,***,11,10,90.9%,***,***,***,,,,330,297,90.0%,214,206,96.3%,132,107,81.1%,305,284,93.1%,41,29,70.7%,346,313,90.5%,,,,174,164,94.3%,176,150,85.2%,350,314,89.7%
5930,Mooresville Con School Corp,***,***,***,***,***,***,***,***,***,***,***,***,***,***,***,,,,275,267,97.1%,209,207,99.0%,70,67,95.7%,259,258,99.6%,20,16,80.0%,279,274,98.2%,,,,145,142,97.9%,137,132,96.4%,282,274,97.2%
5945,North Newton School Corp,***,***,***,,,,,,,13,12,92.3%,***,***,***,***,***,***,101,95,94.1%,70,68,97.1%,42,39,92.9%,102,99,97.1%,10,8,80.0%,111,106,95.5%,***,***,***,63,59,93.7%,54,50,92.6%,117,109,93.2%
5995,South Newton School Corp,,,,,,,,,,***,***,***,,,,,,,54,49,90.7%,36,34,94.4%,20,19,95.0%,43,40,93.0%,14,13,92.9%,56,52,92.9%,***,***,***,25,24,96.0%,34,29,85.3%,59,53,89.8%
6055,Central Noble Com School Corp,,,,***,***,***,,,,***,***,***,***,***,***,,,,105,92,87.6%,72,66,91.7%,32,29,90.6%,87,81,93.1%,18,15,83.3%,105,96,91.4%,,,,44,38,86.4%,65,58,89.2%,109,96,88.1%
6060,East Noble School Corp,***,***,***,***,***,***,***,***,***,17,15,88.2%,***,***,***,,,,244,221,90.6%,190,180,94.7%,69,62,89.9%,220,215,97.7%,40,27,67.5%,254,236,92.9%,***,***,***,135,127,94.1%,134,117,87.3%,269,244,90.7%
6065,West Noble School Corporation,,,,***,***,***,***,***,***,82,67,81.7%,***,***,***,,,,85,77,90.6%,77,71,92.2%,95,78,82.1%,152,134,88.2%,20,15,75.0%,125,113,90.4%,47,36,76.6%,84,75,89.3%,88,74,84.1%,172,149,86.6%
6080,Rising Sun-Ohio Co Com,,,,,,,***,***,***,,,,,,,,,,63,60,95.2%,51,50,98.0%,11,11,100.0%,53,52,98.1%,***,***,***,62,61,98.4%,,,,33,33,100.0%,31,28,90.3%,64,61,95.3%
6145,Orleans Community Schools,,,,,,,***,***,***,,,,***,***,***,,,,62,60,96.8%,35,34,97.1%,26,26,100.0%,55,54,98.2%,***,***,***,61,60,98.4%,,,,31,30,96.8%,31,30,96.8%,62,60,96.8%
6155,Paoli Community School Corp,***,***,***,,,,,,,***,***,***,***,***,***,,,,119,90,75.6%,60,57,95.0%,44,38,86.4%,91,83,91.2%,14,12,85.7%,105,95,90.5%,,,,62,46,74.2%,64,50,78.1%,126,96,76.2%
6160,Springs Valley Com School Corp,,,,,,,***,***,***,***,***,***,***,***,***,,,,70,61,87.1%,42,41,97.6%,29,26,89.7%,64,63,98.4%,***,***,***,71,66,93.0%,***,***,***,41,36,87.8%,36,31,86.1%,77,67,87.0%
6195,Spencer-Owen Community Schools,,,,***,***,***,,,,***,***,***,,,,,,,170,158,92.9%,108,103,95.4%,64,57,89.1%,152,144,94.7%,21,17,81.0%,173,161,93.1%,,,,80,76,95.0%,93,85,91.4%,173,161,93.1%
6260,Southwest Parke Com Sch Corp,,,,***,***,***,,,,***,***,***,***,***,***,,,,77,66,85.7%,37,33,89.2%,39,34,87.2%,64,56,87.5%,13,11,84.6%,77,67,87.0%,,,,39,35,89.7%,40,32,80.0%,79,67,84.8%
6325,Perry Central Com Schools Corp,,,,,,,,,,***,***,***,,,,,,,82,81,98.8%,60,59,98.3%,23,23,100.0%,79,79,100.0%,***,***,***,83,82,98.8%,,,,45,44,97.8%,38,38,100.0%,83,82,98.8%
6340,Cannelton City Schools,,,,,,,,,,,,,,,,,,,17,9,52.9%,***,***,***,10,7,70.0%,11,9,81.8%,***,***,***,14,9,64.3%,,,,***,***,***,***,***,***,17,9,52.9%
6350,Tell City-Troy Twp School Corp,,,,***,***,***,,,,***,***,***,,,,***,***,***,92,91,98.9%,64,63,98.4%,34,33,97.1%,94,92,97.9%,***,***,***,98,96,98.0%,,,,55,54,98.2%,45,43,95.6%,100,97,97.0%
6375,North Central Parke Comm Schl Corp,,,,,,,,,,***,***,***,***,***,***,,,,90,77,85.6%,50,50,100.0%,43,32,74.4%,76,71,93.4%,18,11,61.1%,94,82,87.2%,***,***,***,45,37,82.2%,50,45,90.0%,95,82,86.3%
6445,Pike County School Corp,,,,***,***,***,***,***,***,***,***,***,***,***,***,,,,125,116,92.8%,81,74,91.4%,45,43,95.6%,107,104,97.2%,20,14,70.0%,127,118,92.9%,***,***,***,69,65,94.2%,58,53,91.4%,127,118,92.9%
6460,M S D Boone Township,,,,***,***,***,***,***,***,13,12,92.3%,***,***,***,,,,64,63,98.4%,59,56,94.9%,20,20,100.0%,70,67,95.7%,***,***,***,79,76,96.2%,***,***,***,32,32,100.0%,48,45,93.8%,80,77,96.3%
6470,Duneland School Corporation,***,***,***,***,***,***,11,11,100.0%,43,42,97.7%,10,10,100.0%,,,,391,366,93.6%,368,353,95.9%,89,79,88.8%,394,385,97.7%,64,48,75.0%,458,433,94.5%,***,***,***,232,220,94.8%,229,215,93.9%,461,435,94.4%
6510,East Porter County School Corp,***,***,***,***,***,***,***,***,***,13,12,92.3%,***,***,***,,,,145,141,97.2%,142,139,97.9%,27,24,88.9%,146,144,98.6%,23,19,82.6%,168,162,96.4%,***,***,***,85,82,96.5%,84,81,96.4%,169,163,96.4%
6520,Porter Township School Corp,,,,***,***,***,***,***,***,14,13,92.9%,***,***,***,,,,98,95,96.9%,88,86,97.7%,28,27,96.4%,108,107,99.1%,***,***,***,115,112,97.4%,***,***,***,59,58,98.3%,58,55,94.8%,117,113,96.6%
6530,Union Township School Corp,,,,***,***,***,***,***,***,15,14,93.3%,***,***,***,,,,107,102,95.3%,110,104,94.5%,18,18,100.0%,111,106,95.5%,17,16,94.1%,127,121,95.3%,***,***,***,68,66,97.1%,61,56,91.8%,129,122,94.6%
6550,Portage Township Schools,***,***,***,***,***,***,62,52,83.9%,114,98,86.0%,41,35,85.4%,,,,377,336,89.1%,308,292,94.8%,279,234,83.9%,496,461,92.9%,92,66,71.7%,579,519,89.6%,***,***,***,313,284,90.7%,289,245,84.8%,602,529,87.9%
6560,Valparaiso Community Schools,***,***,***,14,14,100.0%,21,21,100.0%,40,38,95.0%,16,16,100.0%,,,,444,428,96.4%,431,430,99.8%,88,86,97.7%,482,482,100.0%,37,34,91.9%,515,512,99.4%,***,***,***,273,266,97.4%,264,253,95.8%,537,519,96.6%
6590,M S D Mount Vernon,,,,,,,***,***,***,***,***,***,***,***,***,***,***,***,161,146,90.7%,127,122,96.1%,46,41,89.1%,141,134,95.0%,32,29,90.6%,173,163,94.2%,***,***,***,84,79,94.0%,96,84,87.5%,180,163,90.6%
6600,M S D North Posey Co Schools,***,***,***,***,***,***,,,,***,***,***,***,***,***,,,,109,106,97.2%,93,91,97.8%,19,18,94.7%,98,97,99.0%,14,12,85.7%,112,109,97.3%,,,,56,56,100.0%,56,53,94.6%,112,109,97.3%
6620,Eastern Pulaski Com Sch Corp,***,***,***,,,,***,***,***,***,***,***,***,***,***,,,,82,80,97.6%,64,62,96.9%,28,27,96.4%,79,78,98.7%,13,11,84.6%,92,89,96.7%,,,,44,43,97.7%,48,46,95.8%,92,89,96.7%
6630,West Central School Corp,,,,***,***,***,,,,***,***,***,***,***,***,,,,59,55,93.2%,39,38,97.4%,28,24,85.7%,54,52,96.3%,13,10,76.9%,66,61,92.4%,***,***,***,35,31,88.6%,33,31,93.9%,68,62,91.2%
6705,South Putnam Community Schools,,,,***,***,***,,,,***,***,***,***,***,***,,,,87,86,98.9%,67,66,98.5%,23,23,100.0%,80,79,98.8%,10,10,100.0%,90,89,98.9%,,,,41,40,97.6%,50,50,100.0%,91,90,98.9%
6715,North Putnam Community Schools,,,,,,,,,,,,,,,,,,,121,110,90.9%,83,79,95.2%,38,31,81.6%,102,98,96.1%,19,12,63.2%,121,110,90.9%,***,***,***,71,67,94.4%,50,43,86.0%,121,110,90.9%
6750,Cloverdale Community Schools,***,***,***,,,,***,***,***,***,***,***,***,***,***,,,,75,69,92.0%,42,42,100.0%,38,31,81.6%,65,63,96.9%,15,10,66.7%,80,73,91.3%,,,,38,36,94.7%,42,37,88.1%,80,73,91.3%
6755,Greencastle Community Sch Corp,,,,***,***,***,***,***,***,***,***,***,***,***,***,,,,132,116,87.9%,83,80,96.4%,55,47,85.5%,125,118,94.4%,13,9,69.2%,138,127,92.0%,,,,75,67,89.3%,68,60,88.2%,143,127,88.8%
6795,Union School Corporation,,,,***,***,***,***,***,***,***,***,***,***,***,***,,,,36,33,91.7%,14,14,100.0%,23,21,91.3%,31,29,93.5%,***,***,***,37,35,94.6%,,,,22,20,90.9%,16,15,93.8%,38,35,92.1%
6805,Randolph Southern School Corp,,,,,,,,,,***,***,***,***,***,***,,,,39,37,94.9%,25,25,100.0%,18,17,94.4%,39,39,100.0%,***,***,***,44,43,97.7%,,,,26,25,96.2%,19,18,94.7%,45,43,95.6%
6820,Monroe Central School Corp,***,***,***,,,,***,***,***,***,***,***,***,***,***,,,,71,71,100.0%,42,42,100.0%,38,38,100.0%,70,70,100.0%,10,10,100.0%,80,80,100.0%,,,,33,33,100.0%,47,47,100.0%,80,80,100.0%
6825,Randolph Central School Corp,,,,,,,,,,***,***,***,***,***,***,,,,101,88,87.1%,52,48,92.3%,51,46,90.2%,89,85,95.5%,14,9,64.3%,102,93,91.2%,***,***,***,51,46,90.2%,57,49,86.0%,108,95,88.0%
6835,Randolph Eastern School Corp,***,***,***,***,***,***,***,***,***,***,***,***,***,***,***,,,,50,48,96.0%,33,33,100.0%,25,25,100.0%,54,54,100.0%,***,***,***,55,55,100.0%,***,***,***,25,24,96.0%,36,34,94.4%,61,58,95.1%
6865,South Ripley Com Sch Corp,***,***,***,,,,,,,***,***,***,***,***,***,,,,97,83,85.6%,50,47,94.0%,46,38,82.6%,83,79,95.2%,14,6,42.9%,97,85,87.6%,***,***,***,50,48,96.0%,50,37,74.0%,100,85,85.0%
6895,Batesville Community School Corp,***,***,***,***,***,***,,,,***,***,***,***,***,***,,,,165,161,97.6%,149,145,97.3%,24,24,100.0%,157,157,100.0%,16,12,75.0%,173,169,97.7%,***,***,***,84,84,100.0%,89,85,95.5%,173,169,97.7%
6900,Jac-Cen-Del Community Sch Corp,,,,,,,,,,,,,,,,,,,67,52,77.6%,44,37,84.1%,22,15,68.2%,58,48,82.8%,***,***,***,66,52,78.8%,***,***,***,26,22,84.6%,41,30,73.2%,67,52,77.6%
6910,Milan Community Schools,,,,,,,***,***,***,***,***,***,,,,,,,103,97,94.2%,77,75,97.4%,25,23,92.0%,93,92,98.9%,10,7,70.0%,103,99,96.1%,,,,58,56,96.6%,47,43,91.5%,105,99,94.3%
6995,Rush County Schools,,,,***,***,***,***,***,***,***,***,***,***,***,***,***,***,***,162,153,94.4%,123,119,96.7%,49,44,89.8%,156,152,97.4%,17,12,70.6%,173,164,94.8%,***,***,***,85,82,96.5%,88,82,93.2%,173,164,94.8%
7150,John Glenn School Corporation,***,***,***,***,***,***,***,***,***,***,***,***,***,***,***,,,,140,132,94.3%,107,104,97.2%,46,42,91.3%,141,137,97.2%,13,10,76.9%,154,147,95.5%,***,***,***,79,76,96.2%,77,71,92.2%,156,147,94.2%
7175,Penn-Harris-Madison Sch Corp,***,***,***,31,31,100.0%,36,36,100.0%,25,25,100.0%,27,26,96.3%,,,,704,686,97.4%,636,626,98.4%,178,170,95.5%,746,745,99.9%,69,51,73.9%,808,789,97.6%,***,***,***,407,403,99.0%,416,401,96.4%,823,804,97.7%
7200,School City of Mishawaka,***,***,***,***,***,***,16,14,87.5%,17,13,76.5%,12,12,100.0%,***,***,***,307,288,93.8%,159,154,96.9%,189,172,91.0%,306,292,95.4%,44,35,79.5%,349,326,93.4%,***,***,***,186,173,93.0%,168,156,92.9%,354,329,92.9%
7205,South Bend Community Sch Corp,***,***,***,21,20,95.2%,425,332,78.1%,177,137,77.4%,91,76,83.5%,***,***,***,535,473,88.4%,438,420,95.9%,675,616,91.3%,972,922,94.9%,148,114,77.0%,1057,985,93.2%,63,51,81.0%,654,566,86.5%,599,476,79.5%,1253,1042,83.2%
7215,Union-North United School Corp,,,,***,***,***,,,,***,***,***,***,***,***,***,***,***,78,72,92.3%,53,51,96.2%,31,27,87.1%,76,74,97.4%,***,***,***,84,78,92.9%,***,***,***,39,36,92.3%,46,42,91.3%,85,78,91.8%
7230,Scott County School District 1,***,***,***,,,,,,,***,***,***,***,***,***,,,,100,88,88.0%,35,34,97.1%,64,56,87.5%,85,82,96.5%,14,8,57.1%,99,90,90.9%,,,,48,47,97.9%,56,45,80.4%,104,92,88.5%
7255,Scott County School District 2,,,,***,***,***,***,***,***,***,***,***,***,***,***,,,,185,157,84.9%,118,112,94.9%,71,53,74.6%,170,153,90.0%,21,13,61.9%,190,165,86.8%,***,***,***,94,83,88.3%,100,83,83.0%,194,166,85.6%
7285,Shelby Eastern Schools,,,,,,,,,,***,***,***,***,***,***,,,,86,83,96.5%,70,69,98.6%,18,17,94.4%,82,81,98.8%,***,***,***,88,86,97.7%,***,***,***,54,51,94.4%,36,35,97.2%,90,86,95.6%
7350,Northwestern Con School Corp,,,,,,,,,,***,***,***,,,,,,,102,98,96.1%,71,69,97.2%,34,32,94.1%,97,97,100.0%,***,***,***,104,100,96.2%,***,***,***,51,49,96.1%,54,52,96.3%,105,101,96.2%
7360,Southwestern Con Sch Shelby Co,,,,***,***,***,,,,***,***,***,,,,,,,37,36,97.3%,23,23,100.0%,15,14,93.3%,34,34,100.0%,***,***,***,39,38,97.4%,,,,19,19,100.0%,20,19,95.0%,39,38,97.4%
7365,Shelbyville Central Schools,,,,***,***,***,***,***,***,20,20,100.0%,10,8,80.0%,,,,221,214,96.8%,154,150,97.4%,102,96,94.1%,222,219,98.6%,34,27,79.4%,251,241,96.0%,***,***,***,114,108,94.7%,142,138,97.2%,256,246,96.1%
7385,North Spencer County Sch Corp,,,,***,***,***,,,,10,10,100.0%,***,***,***,,,,126,125,99.2%,110,109,99.1%,27,27,100.0%,124,124,100.0%,13,12,92.3%,136,135,99.3%,***,***,***,68,67,98.5%,69,69,100.0%,137,136,99.3%
7445,South Spencer County Sch Corp,,,,,,,***,***,***,***,***,***,***,***,***,,,,93,85,91.4%,72,68,94.4%,30,23,76.7%,89,83,93.3%,15,10,66.7%,102,92,90.2%,***,***,***,54,46,85.2%,50,47,94.0%,104,93,89.4%
7495,Oregon-Davis School Corp,,,,,,,,,,***,***,***,***,***,***,,,,43,39,90.7%,21,19,90.5%,24,21,87.5%,39,37,94.9%,***,***,***,45,40,88.9%,,,,17,15,88.2%,29,26,89.7%,46,41,89.1%
7515,North Judson-San Pierre Sch Corp,***,***,***,***,***,***,,,,***,***,***,,,,,,,100,91,91.0%,60,57,95.0%,43,40,93.0%,85,83,97.6%,18,14,77.8%,103,97,94.2%,***,***,***,47,44,93.6%,62,56,90.3%,109,100,91.7%
7525,Knox Community School Corp,***,***,***,,,,***,***,***,***,***,***,***,***,***,***,***,***,109,99,90.8%,53,50,94.3%,62,56,90.3%,107,101,94.4%,***,***,***,115,105,91.3%,***,***,***,62,60,96.8%,54,46,85.2%,116,106,91.4%
7605,Fremont Community Schools,***,***,***,,,,,,,***,***,***,***,***,***,,,,88,78,88.6%,61,58,95.1%,32,24,75.0%,83,77,92.8%,10,5,50.0%,91,81,89.0%,***,***,***,44,39,88.6%,50,44,88.0%,94,83,88.3%
7610,Hamilton Community Schools,,,,***,***,***,,,,***,***,***,,,,,,,32,28,87.5%,15,14,93.3%,15,14,93.3%,23,23,100.0%,***,***,***,30,28,93.3%,***,***,***,20,19,95.0%,12,9,75.0%,32,28,87.5%
7615,M S D Steuben County,***,***,***,***,***,***,***,***,***,12,9,75.0%,***,***,***,,,,169,142,84.0%,127,115,90.6%,60,44,73.3%,171,147,86.0%,16,12,75.0%,183,156,85.2%,***,***,***,92,83,90.2%,98,76,77.6%,190,159,83.7%
7645,Northeast School Corp,,,,***,***,***,,,,,,,***,***,***,,,,73,60,82.2%,42,39,92.9%,33,23,69.7%,60,54,90.0%,16,8,50.0%,76,62,81.6%,,,,41,37,90.2%,35,25,71.4%,76,62,81.6%
7715,Southwest School Corp,,,,,,,,,,***,***,***,***,***,***,,,,137,126,92.0%,84,79,94.0%,62,56,90.3%,123,115,93.5%,23,20,87.0%,146,135,92.5%,,,,70,62,88.6%,78,73,93.6%,148,135,91.2%
7775,Switzerland County School Corp,,,,***,***,***,,,,***,***,***,***,***,***,***,***,***,101,97,96.0%,51,50,98.0%,52,50,96.2%,86,86,100.0%,17,14,82.4%,103,100,97.1%,,,,47,46,97.9%,59,56,94.9%,106,102,96.2%
7855,Lafayette School Corporation,***,***,***,***,***,***,47,44,93.6%,74,70,94.6%,19,17,89.5%,,,,244,219,89.8%,178,166,93.3%,198,187,94.4%,318,300,94.3%,60,53,88.3%,349,325,93.1%,29,28,96.6%,211,195,92.4%,178,160,89.9%,389,355,91.3%
7865,Tippecanoe School Corp,***,***,***,10,10,100.0%,25,22,88.0%,60,54,90.0%,38,35,92.1%,,,,650,614,94.5%,589,567,96.3%,185,163,88.1%,668,641,96.0%,107,90,84.1%,754,713,94.6%,21,18,85.7%,401,383,95.5%,382,352,92.1%,783,735,93.9%
7875,West Lafayette Com School Corp,,,,31,30,96.8%,***,***,***,***,***,***,***,***,***,,,,115,111,96.5%,144,139,96.5%,14,14,100.0%,139,138,99.3%,19,15,78.9%,154,150,97.4%,***,***,***,85,84,98.8%,73,69,94.5%,158,153,96.8%
7935,Tri-Central Community Schools,,,,***,***,***,,,,***,***,***,,,,,,,66,63,95.5%,51,51,100.0%,16,13,81.3%,57,56,98.2%,10,8,80.0%,67,64,95.5%,,,,27,26,96.3%,40,38,95.0%,67,64,95.5%
7945,Tipton Community School Corp,,,,***,***,***,,,,***,***,***,***,***,***,,,,112,110,98.2%,82,82,100.0%,36,35,97.2%,104,103,99.0%,15,14,93.3%,119,117,98.3%,***,***,***,48,48,100.0%,72,69,95.8%,120,117,97.5%
7950,Union Co/Clg Corner Joint Sch Dist,,,,***,***,***,,,,,,,***,***,***,,,,116,107,92.2%,72,71,98.6%,42,39,92.9%,104,102,98.1%,10,8,80.0%,114,110,96.5%,,,,57,55,96.5%,62,55,88.7%,119,110,92.4%
7995,Evansville Vanderburgh Sch Corp,***,***,***,19,17,89.5%,230,145,63.0%,40,30,75.0%,109,70,64.2%,***,***,***,1174,955,81.3%,790,712,90.1%,726,501,69.0%,1286,1078,83.8%,234,135,57.7%,1499,1198,79.9%,21,15,71.4%,810,662,81.7%,771,561,72.8%,1581,1223,77.4%
8010,North Vermillion Com Sch Corp,,,,,,,,,,,,,***,***,***,,,,46,39,84.8%,27,26,96.3%,18,13,72.2%,40,35,87.5%,***,***,***,46,40,87.0%,,,,20,19,95.0%,27,21,77.8%,47,40,85.1%
8020,South Vermillion Com Sch Corp,,,,,,,,,,***,***,***,***,***,***,,,,123,114,92.7%,80,79,98.8%,48,39,81.3%,114,107,93.9%,14,11,78.6%,128,118,92.2%,,,,53,50,94.3%,77,68,88.3%,130,118,90.8%
8030,Vigo County School Corp,,,,21,20,95.2%,58,51,87.9%,25,21,84.0%,50,45,90.0%,***,***,***,831,767,92.3%,567,552,97.4%,411,353,85.9%,800,767,95.9%,178,138,77.5%,970,897,92.5%,***,***,***,475,453,95.4%,511,452,88.5%,986,905,91.8%
8045,Manchester Community Schools,,,,***,***,***,,,,***,***,***,***,***,***,,,,90,87,96.7%,59,58,98.3%,39,37,94.9%,87,87,100.0%,11,8,72.7%,97,94,96.9%,***,***,***,46,46,100.0%,52,49,94.2%,98,95,96.9%
8050,M S D Wabash County Schools,***,***,***,***,***,***,***,***,***,***,***,***,***,***,***,,,,187,172,92.0%,140,138,98.6%,55,44,80.0%,174,167,96.0%,22,15,68.2%,195,181,92.8%,***,***,***,103,97,94.2%,95,85,89.5%,198,182,91.9%
8060,Wabash City Schools,,,,***,***,***,***,***,***,***,***,***,***,***,***,,,,97,91,93.8%,59,56,94.9%,40,38,95.0%,90,88,97.8%,***,***,***,99,94,94.9%,***,***,***,46,43,93.5%,55,52,94.5%,101,95,94.1%
8115,M S D Warren County,,,,,,,,,,,,,,,,,,,92,90,97.8%,67,66,98.5%,24,23,95.8%,74,74,100.0%,17,15,88.2%,91,89,97.8%,,,,45,45,100.0%,47,45,95.7%,92,90,97.8%
8130,Warrick County School Corp,,,,14,14,100.0%,***,***,***,15,15,100.0%,25,20,80.0%,***,***,***,694,626,90.2%,565,535,94.7%,183,150,82.0%,636,598,94.0%,115,87,75.7%,749,683,91.2%,***,***,***,349,319,91.4%,409,366,89.5%,758,685,90.4%
8205,Salem Community Schools,,,,***,***,***,***,***,***,***,***,***,***,***,***,,,,134,127,94.8%,75,72,96.0%,62,60,96.8%,120,118,98.3%,17,14,82.4%,136,131,96.3%,***,***,***,74,71,95.9%,65,61,93.8%,139,132,95.0%
8215,East Washington School Corp,,,,***,***,***,***,***,***,***,***,***,***,***,***,,,,101,95,94.1%,61,60,98.4%,44,42,95.5%,96,96,100.0%,***,***,***,105,102,97.1%,,,,61,59,96.7%,47,43,91.5%,108,102,94.4%
8220,West Washington School Corp,***,***,***,,,,,,,***,***,***,,,,,,,66,59,89.4%,32,30,93.8%,34,29,85.3%,54,49,90.7%,12,10,83.3%,66,59,89.4%,,,,29,27,93.1%,38,33,86.8%,67,60,89.6%
8305,Nettle Creek School Corp,,,,,,,***,***,***,***,***,***,***,***,***,,,,81,74,91.4%,49,44,89.8%,36,34,94.4%,69,65,94.2%,16,13,81.3%,85,78,91.8%,***,***,***,44,41,93.2%,42,37,88.1%,86,78,90.7%
8355,Western Wayne Schools,,,,,,,,,,***,***,***,,,,,,,74,60,81.1%,34,33,97.1%,36,28,77.8%,60,53,88.3%,11,8,72.7%,71,61,85.9%,,,,43,40,93.0%,32,21,65.6%,75,61,81.3%
8360,Centerville-Abington Com Schs,,,,***,***,***,***,***,***,,,,***,***,***,,,,101,91,90.1%,75,69,92.0%,28,25,89.3%,98,92,93.9%,***,***,***,103,94,91.3%,,,,57,55,96.5%,49,40,81.6%,106,95,89.6%
8375,Northeastern Wayne Schools,***,***,***,***,***,***,***,***,***,***,***,***,,,,,,,95,89,93.7%,72,69,95.8%,24,22,91.7%,86,83,96.5%,10,8,80.0%,96,91,94.8%,***,***,***,50,49,98.0%,47,42,89.4%,97,91,93.8%
8385,Richmond Community Schools,***,***,***,***,***,***,31,28,90.3%,12,12,100.0%,26,26,100.0%,,,,252,234,92.9%,113,112,99.1%,207,189,91.3%,262,254,96.9%,60,48,80.0%,316,296,93.7%,***,***,***,158,151,95.6%,168,154,91.7%,326,305,93.6%
8425,Southern Wells Com Schools,,,,***,***,***,,,,,,,***,***,***,,,,75,70,93.3%,55,53,96.4%,21,19,90.5%,72,69,95.8%,***,***,***,76,72,94.7%,,,,39,39,100.0%,38,33,86.8%,77,72,93.5%
8435,Northern Wells Com Schools,***,***,***,***,***,***,,,,***,***,***,***,***,***,***,***,***,175,164,93.7%,143,141,98.6%,40,35,87.5%,158,156,98.7%,25,20,80.0%,182,175,96.2%,***,***,***,107,103,96.3%,80,73,91.3%,187,176,94.1%
8445,M S D Bluffton-Harrison,,,,***,***,***,***,***,***,***,***,***,***,***,***,,,,112,109,97.3%,82,81,98.8%,40,39,97.5%,107,107,100.0%,15,13,86.7%,120,118,98.3%,***,***,***,50,49,98.0%,73,71,97.3%,123,120,97.6%
8515,North White School Corp,,,,***,***,***,,,,14,14,100.0%,***,***,***,,,,47,40,85.1%,31,30,96.8%,30,25,83.3%,53,51,96.2%,***,***,***,53,47,88.7%,***,***,***,28,26,92.9%,34,29,85.3%,62,55,88.7%
8525,Frontier School Corporation,,,,***,***,***,,,,***,***,***,***,***,***,,,,58,50,86.2%,37,35,94.6%,18,16,88.9%,48,45,93.8%,***,***,***,55,51,92.7%,***,***,***,26,23,88.5%,34,29,85.3%,60,52,86.7%
8535,Tri-County School Corporation,,,,,,,,,,***,***,***,***,***,***,,,,53,49,92.5%,41,40,97.6%,11,10,90.9%,50,49,98.0%,***,***,***,52,50,96.2%,,,,26,24,92.3%,28,26,92.9%,54,50,92.6%
8565,Twin Lakes School Corp,,,,***,***,***,***,***,***,22,16,72.7%,***,***,***,,,,131,113,86.3%,86,79,91.9%,69,55,79.7%,139,124,89.2%,18,10,55.6%,150,129,86.0%,***,***,***,78,68,87.2%,82,66,80.5%,160,134,83.8%
8625,Smith-Green Community Schools,***,***,***,***,***,***,,,,***,***,***,***,***,***,,,,82,79,96.3%,70,67,95.7%,16,16,100.0%,80,78,97.5%,***,***,***,86,83,96.5%,,,,35,35,100.0%,51,48,94.1%,86,83,96.5%
8665,Whitley Co Cons Schools,***,***,***,***,***,***,***,***,***,***,***,***,***,***,***,***,***,***,221,211,95.5%,176,170,96.6%,62,58,93.5%,206,205,99.5%,32,23,71.9%,238,228,95.8%,,,,131,130,99.2%,109,98,89.9%,240,228,95.0%
8810,CSUSA Howe,,,,,,,45,33,73.3%,***,***,***,***,***,***,,,,30,20,66.7%,33,30,90.9%,42,25,59.5%,68,50,73.5%,***,***,***,77,55,71.4%,,,,36,29,80.6%,44,27,61.4%,80,56,70.0%
8815,CSUSA Manual,***,***,***,,,,18,13,72.2%,12,8,66.7%,***,***,***,,,,48,35,72.9%,49,38,77.6%,28,19,67.9%,59,45,76.3%,19,12,63.2%,74,54,73.0%,***,***,***,41,34,82.9%,39,23,59.0%,80,57,71.3%
8820,Edison Learning Roosevelt,,,,,,,79,32,40.5%,***,***,***,***,***,***,,,,***,***,***,***,***,***,78,35,44.9%,60,32,53.3%,18,3,16.7%,78,35,44.9%,,,,44,20,45.5%,40,16,40.0%,84,36,42.9%
8830,EdPower Arlington,,,,,,,37,16,43.2%,***,***,***,,,,,,,***,***,***,***,***,***,36,17,47.2%,30,15,50.0%,***,***,***,36,17,47.2%,***,***,***,15,8,53.3%,27,9,33.3%,42,17,40.5%
9200,Archdiocese of Indianapolis,***,***,***,32,31,96.9%,107,99,92.5%,58,52,89.7%,47,45,95.7%,***,***,***,1130,1107,98.0%,1202,1191,99.1%,147,141,95.9%,1298,1268,97.7%,72,64,88.9%,1355,1322,97.6%,15,10,66.7%,671,652,97.2%,705,683,96.9%,1376,1335,97.0%
9205,Diocese of Gary,,,,15,13,86.7%,66,65,98.5%,71,70,98.6%,13,13,100.0%,,,,158,158,100.0%,282,281,99.6%,38,38,100.0%,315,312,99.0%,***,***,***,308,306,99.4%,14,13,92.9%,161,161,100.0%,162,158,97.5%,323,319,98.8%
9210,Diocese of Lafayette Catholic Sch,,,,***,***,***,***,***,***,***,***,***,***,***,***,***,***,***,229,225,98.3%,243,243,100.0%,***,***,***,233,231,99.1%,14,14,100.0%,247,245,99.2%,,,,127,126,99.2%,122,119,97.5%,249,245,98.4%
9215,Diocese of Evansville,,,,***,***,***,***,***,***,***,***,***,13,13,100.0%,,,,280,276,98.6%,283,279,98.6%,25,25,100.0%,306,300,98.0%,***,***,***,308,302,98.1%,***,***,***,144,143,99.3%,166,161,97.0%,310,304,98.1%
9220,Diocese of Fort Wayne,***,***,***,26,25,96.2%,37,34,91.9%,65,59,90.8%,24,24,100.0%,,,,625,614,98.2%,664,653,98.3%,107,101,94.4%,746,727,97.5%,29,27,93.1%,762,746,97.9%,13,8,61.5%,383,377,98.4%,397,382,96.2%,780,759,97.3%
9230,Lutheran Schools of Indiana,***,***,***,***,***,***,***,***,***,***,***,***,***,***,***,,,,238,235,98.7%,264,262,99.2%,***,***,***,252,249,98.8%,13,13,100.0%,261,258,98.9%,***,***,***,123,121,98.4%,142,141,99.3%,265,262,98.9%
9300,Campagna Academy Charter School,,,,,,,,,,***,***,***,***,***,***,,,,,,,***,***,***,,,,***,***,***,,,,***,***,***,,,,***,***,***,***,***,***,***,***,***
9305,Excel Center - Richmond,***,***,***,,,,***,***,***,***,***,***,***,***,***,,,,73,26,35.6%,16,9,56.3%,54,18,33.3%,51,24,47.1%,24,3,12.5%,75,27,36.0%,,,,44,13,29.5%,43,16,37.2%,87,29,33.3%
9315,Signature School Inc,,,,***,***,***,***,***,***,***,***,***,***,***,***,,,,58,58,100.0%,67,67,100.0%,***,***,***,75,75,100.0%,,,,75,75,100.0%,,,,45,45,100.0%,30,30,100.0%,75,75,100.0%
9320,Community Montessori Inc,,,,,,,***,***,***,***,***,***,***,***,***,,,,30,30,100.0%,28,28,100.0%,***,***,***,24,24,100.0%,***,***,***,33,33,100.0%,,,,18,18,100.0%,15,15,100.0%,33,33,100.0%
9325,Options Charter School - Carmel,***,***,***,***,***,***,***,***,***,***,***,***,***,***,***,,,,26,8,30.8%,***,***,***,***,***,***,10,9,90.0%,***,***,***,13,11,84.6%,,,,23,8,34.8%,16,3,18.8%,39,11,28.2%
9330,Irvington Community School,,,,,,,18,10,55.6%,***,***,***,***,***,***,,,,71,56,78.9%,42,36,85.7%,42,33,78.6%,74,63,85.1%,12,7,58.3%,86,70,81.4%,,,,56,44,78.6%,41,26,63.4%,97,70,72.2%
9335,Excel Center - Lafayette Square,,,,,,,32,0,0.0%,14,3,21.4%,***,***,***,,,,***,***,***,***,***,***,24,2,8.3%,27,3,11.1%,***,***,***,27,2,7.4%,***,***,***,31,2,6.5%,19,2,10.5%,50,4,8.0%
9345,Excel Center - Lafayette,***,***,***,,,,***,***,***,19,5,26.3%,10,1,10.0%,,,,67,15,22.4%,25,5,20.0%,57,16,28.1%,70,20,28.6%,19,1,5.3%,82,19,23.2%,***,***,***,59,13,22.0%,47,8,17.0%,106,21,19.8%
9355,Excel Center - Kokomo,,,,,,,***,***,***,***,***,***,11,0,0.0%,,,,56,19,33.9%,13,2,15.4%,48,16,33.3%,51,16,31.4%,12,2,16.7%,62,18,29.0%,***,***,***,39,11,28.2%,37,9,24.3%,76,20,26.3%
9370,Fall Creek Academy,,,,,,,16,13,81.3%,***,***,***,***,***,***,,,,***,***,***,***,***,***,19,17,89.5%,15,13,86.7%,***,***,***,19,17,89.5%,,,,***,***,***,11,9,81.8%,20,17,85.0%
9380,Christel House Academy South,,,,,,,***,***,***,10,7,70.0%,***,***,***,,,,13,10,76.9%,***,***,***,25,20,80.0%,26,23,88.5%,***,***,***,29,24,82.8%,***,***,***,15,12,80.0%,16,12,75.0%,31,24,77.4%
9385,Christel House DORS South,,,,***,***,***,***,***,***,***,***,***,***,***,***,,,,12,6,50.0%,***,***,***,16,5,31.3%,23,7,30.4%,***,***,***,22,8,36.4%,***,***,***,20,6,30.0%,14,3,21.4%,34,9,26.5%
9435,Indiana Achievement Academy,,,,,,,***,***,***,***,***,***,,,,,,,***,***,***,***,***,***,,,,***,***,***,,,,***,***,***,***,***,***,***,***,***,***,***,***,***,***,***
9445,Charles A Tindley Accelerated Schl,,,,***,***,***,28,24,85.7%,,,,,,,,,,,,,,,,28,24,85.7%,26,24,92.3%,***,***,***,28,24,85.7%,,,,16,14,87.5%,12,10,83.3%,28,24,85.7%
9460,Thea Bowman Leadership Academy,,,,,,,90,86,95.6%,***,***,***,***,***,***,,,,,,,16,14,87.5%,75,72,96.0%,85,81,95.3%,***,***,***,92,87,94.6%,,,,46,44,95.7%,48,45,93.8%,94,89,94.7%
9480,University Heights Preparatory Acd,,,,,,,***,***,***,***,***,***,,,,,,,17,6,35.3%,***,***,***,16,8,50.0%,15,8,53.3%,***,***,***,21,11,52.4%,,,,11,7,63.6%,14,4,28.6%,25,11,44.0%
9535,Gary Lighthouse Charter School,,,,,,,98,91,92.9%,***,***,***,***,***,***,,,,***,***,***,14,14,100.0%,86,83,96.5%,87,87,100.0%,13,10,76.9%,99,96,97.0%,***,***,***,65,62,95.4%,41,35,85.4%,106,97,91.5%
9545,21st Century Charter Sch of Gary,,,,,,,32,30,93.8%,,,,,,,,,,,,,***,***,***,30,29,96.7%,28,27,96.4%,***,***,***,30,29,96.7%,,,,19,18,94.7%,13,12,92.3%,32,30,93.8%
9575,Indpls Lighthouse Charter School,,,,,,,24,22,91.7%,***,***,***,***,***,***,,,,15,13,86.7%,13,12,92.3%,31,30,96.8%,42,40,95.2%,***,***,***,44,42,95.5%,,,,23,22,95.7%,23,20,87.0%,46,42,91.3%
9620,Burris Laboratory School,,,,***,***,***,***,***,***,***,***,***,***,***,***,,,,42,41,97.6%,45,44,97.8%,***,***,***,43,43,100.0%,***,***,***,50,49,98.0%,***,***,***,26,26,100.0%,24,23,95.8%,50,49,98.0%
9625,IN Acad for Sci Math Humanities,,,,13,13,100.0%,***,***,***,***,***,***,***,***,***,,,,107,102,95.3%,115,115,100.0%,23,23,100.0%,138,138,100.0%,,,,138,138,100.0%,,,,88,86,97.7%,56,52,92.9%,144,138,95.8%
9640,Options Charter Sch - Noblesville,,,,***,***,***,***,***,***,***,***,***,***,***,***,,,,56,15,26.8%,17,10,58.8%,11,6,54.5%,21,13,61.9%,***,***,***,28,16,57.1%,,,,33,8,24.2%,32,8,25.0%,65,16,24.6%
9650,Herron Charter,,,,***,***,***,35,35,100.0%,***,***,***,***,***,***,,,,109,108,99.1%,110,110,100.0%,50,49,98.0%,137,136,99.3%,23,23,100.0%,160,159,99.4%,,,,102,101,99.0%,58,58,100.0%,160,159,99.4%
9655,Hope Academy,,,,,,,,,,***,***,***,***,***,***,,,,16,11,68.8%,16,12,75.0%,***,***,***,15,11,73.3%,***,***,***,19,13,68.4%,,,,13,9,69.2%,***,***,***,20,13,65.0%
9670,Indianapolis Metropolitan High Sch,,,,,,,70,31,44.3%,***,***,***,***,***,***,,,,12,7,58.3%,12,5,41.7%,71,36,50.7%,67,37,55.2%,16,4,25.0%,81,40,49.4%,***,***,***,43,25,58.1%,43,16,37.2%,86,41,47.7%
9705,Hammond Academy of Science & Tech,,,,***,***,***,13,13,100.0%,37,36,97.3%,***,***,***,,,,***,***,***,37,36,97.3%,26,26,100.0%,61,60,98.4%,***,***,***,61,60,98.4%,***,***,***,32,31,96.9%,31,31,100.0%,63,62,98.4%
9730,Neighbors' New Vistas High School,***,***,***,,,,10,2,20.0%,14,2,14.3%,***,***,***,,,,49,13,26.5%,12,6,50.0%,21,14,66.7%,31,18,58.1%,***,***,***,32,20,62.5%,***,***,***,41,13,31.7%,39,7,17.9%,80,20,25.0%
9750,Excel Center - Anderson,,,,***,***,***,22,5,22.7%,***,***,***,***,***,***,,,,66,20,30.3%,28,8,28.6%,48,20,41.7%,67,27,40.3%,14,2,14.3%,81,29,35.8%,***,***,***,60,22,36.7%,37,7,18.9%,97,29,29.9%
9755,Carpe Diem - Meridian Campus,,,,,,,***,***,***,,,,***,***,***,,,,***,***,***,***,***,***,***,***,***,10,7,70.0%,***,***,***,12,8,66.7%,,,,***,***,***,***,***,***,12,8,66.7%
9760,Smith Academy for Excellence,,,,,,,***,***,***,,,,,,,,,,,,,***,***,***,***,***,***,***,***,***,,,,***,***,***,,,,,,,***,***,***,***,***,***
9765,Indiana Cyber Charter Sch Inc,***,***,***,,,,18,0,0.0%,***,***,***,***,***,***,,,,206,0,0.0%,181,0,0.0%,24,0,0.0%,180,0,0.0%,27,0,0.0%,207,0,0.0%,,,,141,0,0.0%,93,0,0.0%,234,0,0.0%
9790,Anderson Preparatory Academy,,,,***,***,***,15,15,100.0%,***,***,***,***,***,***,,,,41,35,85.4%,39,35,89.7%,25,23,92.0%,57,52,91.2%,***,***,***,64,58,90.6%,,,,35,31,88.6%,30,27,90.0%,65,58,89.2%
9805,Hoosier Academy - Indianapolis,,,,,,,***,***,***,***,***,***,***,***,***,,,,23,11,47.8%,20,12,60.0%,***,***,***,21,12,57.1%,***,***,***,24,11,45.8%,***,***,***,22,9,40.9%,12,4,33.3%,34,13,38.2%
9830,Beacon Academy,,,,,,,***,***,***,***,***,***,***,***,***,,,,11,2,18.2%,***,***,***,***,***,***,10,1,10.0%,***,***,***,12,2,16.7%,,,,***,***,***,***,***,***,13,2,15.4%
9860,International School of Columbus,,,,,,,,,,,,,,,,,,,***,***,***,,,,***,***,***,***,***,***,,,,***,***,***,,,,***,***,***,***,***,***,***,***,***
9865,Hoosier Acad Virtual Charter,***,***,***,***,***,***,32,6,18.8%,18,5,27.8%,21,4,19.0%,,,,327,69,21.1%,262,80,30.5%,67,5,7.5%,301,75,24.9%,64,10,15.6%,361,84,23.3%,***,***,***,228,55,24.1%,173,31,17.9%,401,86,21.4%
9875,Rock Creek Community Academy,,,,***,***,***,***,***,***,,,,***,***,***,,,,26,26,100.0%,30,30,100.0%,***,***,***,28,28,100.0%,***,***,***,36,36,100.0%,***,***,***,16,16,100.0%,21,21,100.0%,37,37,100.0%
9880,Career Academy High School,***,***,***,,,,24,8,33.3%,***,***,***,***,***,***,,,,24,13,54.2%,15,7,46.7%,40,18,45.0%,43,24,55.8%,12,1,8.3%,53,25,47.2%,***,***,***,33,16,48.5%,26,9,34.6%,59,25,42.4%
9885,Gary Middle College,,,,,,,65,16,24.6%,***,***,***,,,,,,,***,***,***,***,***,***,43,10,23.3%,48,12,25.0%,***,***,***,49,12,24.5%,,,,37,13,35.1%,31,3,9.7%,68,16,23.5%
9890,Indiana Virtual School,***,***,***,,,,31,1,3.2%,***,***,***,***,***,***,,,,98,23,23.5%,87,19,21.8%,16,5,31.3%,91,22,24.2%,18,2,11.1%,109,24,22.0%,,,,90,17,18.9%,53,9,17.0%,143,26,18.2%
9895,Indiana Math Science Academy North,,,,,,,11,11,100.0%,***,***,***,***,***,***,,,,***,***,***,***,***,***,20,17,85.0%,25,22,88.0%,***,***,***,24,21,87.5%,***,***,***,10,9,90.0%,17,15,88.2%,27,24,88.9%
9905,Indiana Connections Academy,***,***,***,***,***,***,22,11,50.0%,47,20,42.6%,37,20,54.1%,***,***,***,502,246,49.0%,326,208,63.8%,251,89,35.5%,534,280,52.4%,55,17,30.9%,587,297,50.6%,***,***,***,377,207,54.9%,242,96,39.7%,619,303,48.9%
9910,Excel Center for Adult Learners,,,,19,3,15.8%,284,57,20.1%,53,5,9.4%,***,***,***,,,,93,22,23.7%,59,10,16.9%,284,74,26.1%,324,82,25.3%,47,4,8.5%,311,79,25.4%,60,7,11.7%,275,65,23.6%,182,23,12.6%,457,88,19.3%
9920,Damar Charter Academy,,,,,,,***,***,***,,,,***,***,***,,,,16,0,0.0%,,,,***,***,***,,,,10,0,0.0%,10,0,0.0%,,,,***,***,***,19,0,0.0%,21,0,0.0%
9930,Nexus Academy of Indianapolis,,,,,,,***,***,***,***,***,***,***,***,***,,,,14,14,100.0%,16,14,87.5%,***,***,***,20,16,80.0%,***,***,***,25,20,80.0%,,,,15,11,73.3%,11,9,81.8%,26,20,76.9%
N/A,Independent Non-Public Schools,***,***,***,56,47,83.9%,84,40,47.6%,58,29,50.0%,45,30,66.7%,,,,855,662,77.4%,782,698,89.3%,164,64,39.0%,943,748,79.3%,50,31,62.0%,957,754,78.8%,36,25,69.4%,526,391,74.3%,575,420,73.0%,1101,811,73.7%
,,,,,,,,,,,,,,,,,,,,,,,,,,,,,,,,,,,,,,,,,,,,,,,,,
"***Due to federal privacy laws, student performance data may not be displayed for any group of fewer than 10 students.",,,,,,,,,,,,,,,,,,,,,,,,,,,,,,,,,,,,,,,,,,,,,,,,,
